/*
 Navicat Premium Data Transfer

 Source Server         : localhost
 Source Server Type    : MySQL
 Source Server Version : 50716
 Source Host           : localhost:3306
 Source Schema         : dormitory

 Target Server Type    : MySQL
 Target Server Version : 50716
 File Encoding         : 65001

 Date: 05/12/2020 20:03:44
*/

SET NAMES utf8mb4;
SET
FOREIGN_KEY_CHECKS = 0;

-- ----------------------------
-- Table structure for tb_absence
-- ----------------------------
DROP TABLE IF EXISTS `tb_absence`;
CREATE TABLE `tb_absence`
(
    `id`           int(11) NOT NULL AUTO_INCREMENT,
    `student_id`   int(11) NULL DEFAULT NULL,
    `dormitory_id` int(11) NULL DEFAULT NULL,
    `start_time`   date NULL DEFAULT NULL,
    `end_time`     date NULL DEFAULT NULL,
    `remark`       varchar(200) CHARACTER SET utf8 COLLATE utf8_general_ci NULL DEFAULT NULL,
    PRIMARY KEY (`id`) USING BTREE
) ENGINE = InnoDB AUTO_INCREMENT = 1 CHARACTER SET = utf8 COLLATE = utf8_general_ci ROW_FORMAT = Dynamic;

-- ----------------------------
-- Table structure for tb_bed
-- ----------------------------
DROP TABLE IF EXISTS `tb_bed`;
CREATE TABLE `tb_bed`
(
    `id`           int(11) NOT NULL AUTO_INCREMENT,
    `bno`          varchar(50) CHARACTER SET utf8 COLLATE utf8_general_ci NULL DEFAULT NULL,
    `dormitory_id` int(11) NULL DEFAULT NULL,
    PRIMARY KEY (`id`) USING BTREE
) ENGINE = InnoDB AUTO_INCREMENT = 1962 CHARACTER SET = utf8 COLLATE = utf8_general_ci ROW_FORMAT = Dynamic;

-- ----------------------------
-- Records of tb_bed
-- ----------------------------
INSERT INTO `tb_bed`
VALUES (762, 'A1-1', 188);
INSERT INTO `tb_bed`
VALUES (763, 'A1-2', 188);
INSERT INTO `tb_bed`
VALUES (764, 'A1-3', 188);
INSERT INTO `tb_bed`
VALUES (765, 'A1-4', 188);
INSERT INTO `tb_bed`
VALUES (766, 'A1-5', 188);
INSERT INTO `tb_bed`
VALUES (767, 'A1-6', 188);
INSERT INTO `tb_bed`
VALUES (768, 'A2-1', 189);
INSERT INTO `tb_bed`
VALUES (769, 'A2-2', 189);
INSERT INTO `tb_bed`
VALUES (770, 'A2-3', 189);
INSERT INTO `tb_bed`
VALUES (771, 'A2-4', 189);
INSERT INTO `tb_bed`
VALUES (772, 'A2-5', 189);
INSERT INTO `tb_bed`
VALUES (773, 'A2-6', 189);
INSERT INTO `tb_bed`
VALUES (774, 'A3-1', 190);
INSERT INTO `tb_bed`
VALUES (775, 'A3-2', 190);
INSERT INTO `tb_bed`
VALUES (776, 'A3-3', 190);
INSERT INTO `tb_bed`
VALUES (777, 'A3-4', 190);
INSERT INTO `tb_bed`
VALUES (778, 'A3-5', 190);
INSERT INTO `tb_bed`
VALUES (779, 'A3-6', 190);
INSERT INTO `tb_bed`
VALUES (780, 'A4-1', 191);
INSERT INTO `tb_bed`
VALUES (781, 'A4-2', 191);
INSERT INTO `tb_bed`
VALUES (782, 'A4-3', 191);
INSERT INTO `tb_bed`
VALUES (783, 'A4-4', 191);
INSERT INTO `tb_bed`
VALUES (784, 'A4-5', 191);
INSERT INTO `tb_bed`
VALUES (785, 'A4-6', 191);
INSERT INTO `tb_bed`
VALUES (786, 'A5-1', 192);
INSERT INTO `tb_bed`
VALUES (787, 'A5-2', 192);
INSERT INTO `tb_bed`
VALUES (788, 'A5-3', 192);
INSERT INTO `tb_bed`
VALUES (789, 'A5-4', 192);
INSERT INTO `tb_bed`
VALUES (790, 'A5-5', 192);
INSERT INTO `tb_bed`
VALUES (791, 'A5-6', 192);
INSERT INTO `tb_bed`
VALUES (792, 'A6-1', 193);
INSERT INTO `tb_bed`
VALUES (793, 'A6-2', 193);
INSERT INTO `tb_bed`
VALUES (794, 'A6-3', 193);
INSERT INTO `tb_bed`
VALUES (795, 'A6-4', 193);
INSERT INTO `tb_bed`
VALUES (796, 'A6-5', 193);
INSERT INTO `tb_bed`
VALUES (797, 'A6-6', 193);
INSERT INTO `tb_bed`
VALUES (798, 'A7-1', 194);
INSERT INTO `tb_bed`
VALUES (799, 'A7-2', 194);
INSERT INTO `tb_bed`
VALUES (800, 'A7-3', 194);
INSERT INTO `tb_bed`
VALUES (801, 'A7-4', 194);
INSERT INTO `tb_bed`
VALUES (802, 'A7-5', 194);
INSERT INTO `tb_bed`
VALUES (803, 'A7-6', 194);
INSERT INTO `tb_bed`
VALUES (804, 'A8-1', 195);
INSERT INTO `tb_bed`
VALUES (805, 'A8-2', 195);
INSERT INTO `tb_bed`
VALUES (806, 'A8-3', 195);
INSERT INTO `tb_bed`
VALUES (807, 'A8-4', 195);
INSERT INTO `tb_bed`
VALUES (808, 'A8-5', 195);
INSERT INTO `tb_bed`
VALUES (809, 'A8-6', 195);
INSERT INTO `tb_bed`
VALUES (810, 'A9-1', 196);
INSERT INTO `tb_bed`
VALUES (811, 'A9-2', 196);
INSERT INTO `tb_bed`
VALUES (812, 'A9-3', 196);
INSERT INTO `tb_bed`
VALUES (813, 'A9-4', 196);
INSERT INTO `tb_bed`
VALUES (814, 'A9-5', 196);
INSERT INTO `tb_bed`
VALUES (815, 'A9-6', 196);
INSERT INTO `tb_bed`
VALUES (816, 'A10-1', 197);
INSERT INTO `tb_bed`
VALUES (817, 'A10-2', 197);
INSERT INTO `tb_bed`
VALUES (818, 'A10-3', 197);
INSERT INTO `tb_bed`
VALUES (819, 'A10-4', 197);
INSERT INTO `tb_bed`
VALUES (820, 'A10-5', 197);
INSERT INTO `tb_bed`
VALUES (821, 'A10-6', 197);
INSERT INTO `tb_bed`
VALUES (822, 'B1-1', 198);
INSERT INTO `tb_bed`
VALUES (823, 'B1-2', 198);
INSERT INTO `tb_bed`
VALUES (824, 'B1-3', 198);
INSERT INTO `tb_bed`
VALUES (825, 'B1-4', 198);
INSERT INTO `tb_bed`
VALUES (826, 'B1-5', 198);
INSERT INTO `tb_bed`
VALUES (827, 'B1-6', 198);
INSERT INTO `tb_bed`
VALUES (828, 'B2-1', 199);
INSERT INTO `tb_bed`
VALUES (829, 'B2-2', 199);
INSERT INTO `tb_bed`
VALUES (830, 'B2-3', 199);
INSERT INTO `tb_bed`
VALUES (831, 'B2-4', 199);
INSERT INTO `tb_bed`
VALUES (832, 'B2-5', 199);
INSERT INTO `tb_bed`
VALUES (833, 'B2-6', 199);
INSERT INTO `tb_bed`
VALUES (834, 'B3-1', 200);
INSERT INTO `tb_bed`
VALUES (835, 'B3-2', 200);
INSERT INTO `tb_bed`
VALUES (836, 'B3-3', 200);
INSERT INTO `tb_bed`
VALUES (837, 'B3-4', 200);
INSERT INTO `tb_bed`
VALUES (838, 'B3-5', 200);
INSERT INTO `tb_bed`
VALUES (839, 'B3-6', 200);
INSERT INTO `tb_bed`
VALUES (840, 'B4-1', 201);
INSERT INTO `tb_bed`
VALUES (841, 'B4-2', 201);
INSERT INTO `tb_bed`
VALUES (842, 'B4-3', 201);
INSERT INTO `tb_bed`
VALUES (843, 'B4-4', 201);
INSERT INTO `tb_bed`
VALUES (844, 'B4-5', 201);
INSERT INTO `tb_bed`
VALUES (845, 'B4-6', 201);
INSERT INTO `tb_bed`
VALUES (846, 'B5-1', 202);
INSERT INTO `tb_bed`
VALUES (847, 'B5-2', 202);
INSERT INTO `tb_bed`
VALUES (848, 'B5-3', 202);
INSERT INTO `tb_bed`
VALUES (849, 'B5-4', 202);
INSERT INTO `tb_bed`
VALUES (850, 'B5-5', 202);
INSERT INTO `tb_bed`
VALUES (851, 'B5-6', 202);
INSERT INTO `tb_bed`
VALUES (852, 'B6-1', 203);
INSERT INTO `tb_bed`
VALUES (853, 'B6-2', 203);
INSERT INTO `tb_bed`
VALUES (854, 'B6-3', 203);
INSERT INTO `tb_bed`
VALUES (855, 'B6-4', 203);
INSERT INTO `tb_bed`
VALUES (856, 'B6-5', 203);
INSERT INTO `tb_bed`
VALUES (857, 'B6-6', 203);
INSERT INTO `tb_bed`
VALUES (858, 'B7-1', 204);
INSERT INTO `tb_bed`
VALUES (859, 'B7-2', 204);
INSERT INTO `tb_bed`
VALUES (860, 'B7-3', 204);
INSERT INTO `tb_bed`
VALUES (861, 'B7-4', 204);
INSERT INTO `tb_bed`
VALUES (862, 'B7-5', 204);
INSERT INTO `tb_bed`
VALUES (863, 'B7-6', 204);
INSERT INTO `tb_bed`
VALUES (864, 'B8-1', 205);
INSERT INTO `tb_bed`
VALUES (865, 'B8-2', 205);
INSERT INTO `tb_bed`
VALUES (866, 'B8-3', 205);
INSERT INTO `tb_bed`
VALUES (867, 'B8-4', 205);
INSERT INTO `tb_bed`
VALUES (868, 'B8-5', 205);
INSERT INTO `tb_bed`
VALUES (869, 'B8-6', 205);
INSERT INTO `tb_bed`
VALUES (870, 'B9-1', 206);
INSERT INTO `tb_bed`
VALUES (871, 'B9-2', 206);
INSERT INTO `tb_bed`
VALUES (872, 'B9-3', 206);
INSERT INTO `tb_bed`
VALUES (873, 'B9-4', 206);
INSERT INTO `tb_bed`
VALUES (874, 'B9-5', 206);
INSERT INTO `tb_bed`
VALUES (875, 'B9-6', 206);
INSERT INTO `tb_bed`
VALUES (876, 'B10-1', 207);
INSERT INTO `tb_bed`
VALUES (877, 'B10-2', 207);
INSERT INTO `tb_bed`
VALUES (878, 'B10-3', 207);
INSERT INTO `tb_bed`
VALUES (879, 'B10-4', 207);
INSERT INTO `tb_bed`
VALUES (880, 'B10-5', 207);
INSERT INTO `tb_bed`
VALUES (881, 'B10-6', 207);
INSERT INTO `tb_bed`
VALUES (882, 'A201-1', 208);
INSERT INTO `tb_bed`
VALUES (883, 'A201-2', 208);
INSERT INTO `tb_bed`
VALUES (884, 'A201-3', 208);
INSERT INTO `tb_bed`
VALUES (885, 'A201-4', 208);
INSERT INTO `tb_bed`
VALUES (886, 'A201-5', 208);
INSERT INTO `tb_bed`
VALUES (887, 'A201-6', 208);
INSERT INTO `tb_bed`
VALUES (888, 'A202-1', 209);
INSERT INTO `tb_bed`
VALUES (889, 'A202-2', 209);
INSERT INTO `tb_bed`
VALUES (890, 'A202-3', 209);
INSERT INTO `tb_bed`
VALUES (891, 'A202-4', 209);
INSERT INTO `tb_bed`
VALUES (892, 'A202-5', 209);
INSERT INTO `tb_bed`
VALUES (893, 'A202-6', 209);
INSERT INTO `tb_bed`
VALUES (894, 'A203-1', 210);
INSERT INTO `tb_bed`
VALUES (895, 'A203-2', 210);
INSERT INTO `tb_bed`
VALUES (896, 'A203-3', 210);
INSERT INTO `tb_bed`
VALUES (897, 'A203-4', 210);
INSERT INTO `tb_bed`
VALUES (898, 'A203-5', 210);
INSERT INTO `tb_bed`
VALUES (899, 'A203-6', 210);
INSERT INTO `tb_bed`
VALUES (900, 'A204-1', 211);
INSERT INTO `tb_bed`
VALUES (901, 'A204-2', 211);
INSERT INTO `tb_bed`
VALUES (902, 'A204-3', 211);
INSERT INTO `tb_bed`
VALUES (903, 'A204-4', 211);
INSERT INTO `tb_bed`
VALUES (904, 'A204-5', 211);
INSERT INTO `tb_bed`
VALUES (905, 'A204-6', 211);
INSERT INTO `tb_bed`
VALUES (906, 'A205-1', 212);
INSERT INTO `tb_bed`
VALUES (907, 'A205-2', 212);
INSERT INTO `tb_bed`
VALUES (908, 'A205-3', 212);
INSERT INTO `tb_bed`
VALUES (909, 'A205-4', 212);
INSERT INTO `tb_bed`
VALUES (910, 'A205-5', 212);
INSERT INTO `tb_bed`
VALUES (911, 'A205-6', 212);
INSERT INTO `tb_bed`
VALUES (912, 'A206-1', 213);
INSERT INTO `tb_bed`
VALUES (913, 'A206-2', 213);
INSERT INTO `tb_bed`
VALUES (914, 'A206-3', 213);
INSERT INTO `tb_bed`
VALUES (915, 'A206-4', 213);
INSERT INTO `tb_bed`
VALUES (916, 'A206-5', 213);
INSERT INTO `tb_bed`
VALUES (917, 'A206-6', 213);
INSERT INTO `tb_bed`
VALUES (918, 'A207-1', 214);
INSERT INTO `tb_bed`
VALUES (919, 'A207-2', 214);
INSERT INTO `tb_bed`
VALUES (920, 'A207-3', 214);
INSERT INTO `tb_bed`
VALUES (921, 'A207-4', 214);
INSERT INTO `tb_bed`
VALUES (922, 'A207-5', 214);
INSERT INTO `tb_bed`
VALUES (923, 'A207-6', 214);
INSERT INTO `tb_bed`
VALUES (924, 'A208-1', 215);
INSERT INTO `tb_bed`
VALUES (925, 'A208-2', 215);
INSERT INTO `tb_bed`
VALUES (926, 'A208-3', 215);
INSERT INTO `tb_bed`
VALUES (927, 'A208-4', 215);
INSERT INTO `tb_bed`
VALUES (928, 'A208-5', 215);
INSERT INTO `tb_bed`
VALUES (929, 'A208-6', 215);
INSERT INTO `tb_bed`
VALUES (930, 'A209-1', 216);
INSERT INTO `tb_bed`
VALUES (931, 'A209-2', 216);
INSERT INTO `tb_bed`
VALUES (932, 'A209-3', 216);
INSERT INTO `tb_bed`
VALUES (933, 'A209-4', 216);
INSERT INTO `tb_bed`
VALUES (934, 'A209-5', 216);
INSERT INTO `tb_bed`
VALUES (935, 'A209-6', 216);
INSERT INTO `tb_bed`
VALUES (936, 'A210-1', 217);
INSERT INTO `tb_bed`
VALUES (937, 'A210-2', 217);
INSERT INTO `tb_bed`
VALUES (938, 'A210-3', 217);
INSERT INTO `tb_bed`
VALUES (939, 'A210-4', 217);
INSERT INTO `tb_bed`
VALUES (940, 'A210-5', 217);
INSERT INTO `tb_bed`
VALUES (941, 'A210-6', 217);
INSERT INTO `tb_bed`
VALUES (942, 'A211-1', 218);
INSERT INTO `tb_bed`
VALUES (943, 'A211-2', 218);
INSERT INTO `tb_bed`
VALUES (944, 'A211-3', 218);
INSERT INTO `tb_bed`
VALUES (945, 'A211-4', 218);
INSERT INTO `tb_bed`
VALUES (946, 'A211-5', 218);
INSERT INTO `tb_bed`
VALUES (947, 'A211-6', 218);
INSERT INTO `tb_bed`
VALUES (948, 'A212-1', 219);
INSERT INTO `tb_bed`
VALUES (949, 'A212-2', 219);
INSERT INTO `tb_bed`
VALUES (950, 'A212-3', 219);
INSERT INTO `tb_bed`
VALUES (951, 'A212-4', 219);
INSERT INTO `tb_bed`
VALUES (952, 'A212-5', 219);
INSERT INTO `tb_bed`
VALUES (953, 'A212-6', 219);
INSERT INTO `tb_bed`
VALUES (954, 'A213-1', 220);
INSERT INTO `tb_bed`
VALUES (955, 'A213-2', 220);
INSERT INTO `tb_bed`
VALUES (956, 'A213-3', 220);
INSERT INTO `tb_bed`
VALUES (957, 'A213-4', 220);
INSERT INTO `tb_bed`
VALUES (958, 'A213-5', 220);
INSERT INTO `tb_bed`
VALUES (959, 'A213-6', 220);
INSERT INTO `tb_bed`
VALUES (960, 'A214-1', 221);
INSERT INTO `tb_bed`
VALUES (961, 'A214-2', 221);
INSERT INTO `tb_bed`
VALUES (962, 'A214-3', 221);
INSERT INTO `tb_bed`
VALUES (963, 'A214-4', 221);
INSERT INTO `tb_bed`
VALUES (964, 'A214-5', 221);
INSERT INTO `tb_bed`
VALUES (965, 'A214-6', 221);
INSERT INTO `tb_bed`
VALUES (966, 'A215-1', 222);
INSERT INTO `tb_bed`
VALUES (967, 'A215-2', 222);
INSERT INTO `tb_bed`
VALUES (968, 'A215-3', 222);
INSERT INTO `tb_bed`
VALUES (969, 'A215-4', 222);
INSERT INTO `tb_bed`
VALUES (970, 'A215-5', 222);
INSERT INTO `tb_bed`
VALUES (971, 'A215-6', 222);
INSERT INTO `tb_bed`
VALUES (972, 'A216-1', 223);
INSERT INTO `tb_bed`
VALUES (973, 'A216-2', 223);
INSERT INTO `tb_bed`
VALUES (974, 'A216-3', 223);
INSERT INTO `tb_bed`
VALUES (975, 'A216-4', 223);
INSERT INTO `tb_bed`
VALUES (976, 'A216-5', 223);
INSERT INTO `tb_bed`
VALUES (977, 'A216-6', 223);
INSERT INTO `tb_bed`
VALUES (978, 'A217-1', 224);
INSERT INTO `tb_bed`
VALUES (979, 'A217-2', 224);
INSERT INTO `tb_bed`
VALUES (980, 'A217-3', 224);
INSERT INTO `tb_bed`
VALUES (981, 'A217-4', 224);
INSERT INTO `tb_bed`
VALUES (982, 'A217-5', 224);
INSERT INTO `tb_bed`
VALUES (983, 'A217-6', 224);
INSERT INTO `tb_bed`
VALUES (984, 'A218-1', 225);
INSERT INTO `tb_bed`
VALUES (985, 'A218-2', 225);
INSERT INTO `tb_bed`
VALUES (986, 'A218-3', 225);
INSERT INTO `tb_bed`
VALUES (987, 'A218-4', 225);
INSERT INTO `tb_bed`
VALUES (988, 'A218-5', 225);
INSERT INTO `tb_bed`
VALUES (989, 'A218-6', 225);
INSERT INTO `tb_bed`
VALUES (990, 'A219-1', 226);
INSERT INTO `tb_bed`
VALUES (991, 'A219-2', 226);
INSERT INTO `tb_bed`
VALUES (992, 'A219-3', 226);
INSERT INTO `tb_bed`
VALUES (993, 'A219-4', 226);
INSERT INTO `tb_bed`
VALUES (994, 'A219-5', 226);
INSERT INTO `tb_bed`
VALUES (995, 'A219-6', 226);
INSERT INTO `tb_bed`
VALUES (996, 'A220-1', 227);
INSERT INTO `tb_bed`
VALUES (997, 'A220-2', 227);
INSERT INTO `tb_bed`
VALUES (998, 'A220-3', 227);
INSERT INTO `tb_bed`
VALUES (999, 'A220-4', 227);
INSERT INTO `tb_bed`
VALUES (1000, 'A220-5', 227);
INSERT INTO `tb_bed`
VALUES (1001, 'A220-6', 227);
INSERT INTO `tb_bed`
VALUES (1002, '101-1', 228);
INSERT INTO `tb_bed`
VALUES (1003, '101-2', 228);
INSERT INTO `tb_bed`
VALUES (1004, '101-3', 228);
INSERT INTO `tb_bed`
VALUES (1005, '101-4', 228);
INSERT INTO `tb_bed`
VALUES (1006, '101-5', 228);
INSERT INTO `tb_bed`
VALUES (1007, '101-6', 228);
INSERT INTO `tb_bed`
VALUES (1008, '102-1', 229);
INSERT INTO `tb_bed`
VALUES (1009, '102-2', 229);
INSERT INTO `tb_bed`
VALUES (1010, '102-3', 229);
INSERT INTO `tb_bed`
VALUES (1011, '102-4', 229);
INSERT INTO `tb_bed`
VALUES (1012, '102-5', 229);
INSERT INTO `tb_bed`
VALUES (1013, '102-6', 229);
INSERT INTO `tb_bed`
VALUES (1014, '103-1', 230);
INSERT INTO `tb_bed`
VALUES (1015, '103-2', 230);
INSERT INTO `tb_bed`
VALUES (1016, '103-3', 230);
INSERT INTO `tb_bed`
VALUES (1017, '103-4', 230);
INSERT INTO `tb_bed`
VALUES (1018, '103-5', 230);
INSERT INTO `tb_bed`
VALUES (1019, '103-6', 230);
INSERT INTO `tb_bed`
VALUES (1020, '104-1', 231);
INSERT INTO `tb_bed`
VALUES (1021, '104-2', 231);
INSERT INTO `tb_bed`
VALUES (1022, '104-3', 231);
INSERT INTO `tb_bed`
VALUES (1023, '104-4', 231);
INSERT INTO `tb_bed`
VALUES (1024, '104-5', 231);
INSERT INTO `tb_bed`
VALUES (1025, '104-6', 231);
INSERT INTO `tb_bed`
VALUES (1026, '105-1', 232);
INSERT INTO `tb_bed`
VALUES (1027, '105-2', 232);
INSERT INTO `tb_bed`
VALUES (1028, '105-3', 232);
INSERT INTO `tb_bed`
VALUES (1029, '105-4', 232);
INSERT INTO `tb_bed`
VALUES (1030, '105-5', 232);
INSERT INTO `tb_bed`
VALUES (1031, '105-6', 232);
INSERT INTO `tb_bed`
VALUES (1032, '106-1', 233);
INSERT INTO `tb_bed`
VALUES (1033, '106-2', 233);
INSERT INTO `tb_bed`
VALUES (1034, '106-3', 233);
INSERT INTO `tb_bed`
VALUES (1035, '106-4', 233);
INSERT INTO `tb_bed`
VALUES (1036, '106-5', 233);
INSERT INTO `tb_bed`
VALUES (1037, '106-6', 233);
INSERT INTO `tb_bed`
VALUES (1038, '107-1', 234);
INSERT INTO `tb_bed`
VALUES (1039, '107-2', 234);
INSERT INTO `tb_bed`
VALUES (1040, '107-3', 234);
INSERT INTO `tb_bed`
VALUES (1041, '107-4', 234);
INSERT INTO `tb_bed`
VALUES (1042, '107-5', 234);
INSERT INTO `tb_bed`
VALUES (1043, '107-6', 234);
INSERT INTO `tb_bed`
VALUES (1044, '108-1', 235);
INSERT INTO `tb_bed`
VALUES (1045, '108-2', 235);
INSERT INTO `tb_bed`
VALUES (1046, '108-3', 235);
INSERT INTO `tb_bed`
VALUES (1047, '108-4', 235);
INSERT INTO `tb_bed`
VALUES (1048, '108-5', 235);
INSERT INTO `tb_bed`
VALUES (1049, '108-6', 235);
INSERT INTO `tb_bed`
VALUES (1050, '109-1', 236);
INSERT INTO `tb_bed`
VALUES (1051, '109-2', 236);
INSERT INTO `tb_bed`
VALUES (1052, '109-3', 236);
INSERT INTO `tb_bed`
VALUES (1053, '109-4', 236);
INSERT INTO `tb_bed`
VALUES (1054, '109-5', 236);
INSERT INTO `tb_bed`
VALUES (1055, '109-6', 236);
INSERT INTO `tb_bed`
VALUES (1056, '110-1', 237);
INSERT INTO `tb_bed`
VALUES (1057, '110-2', 237);
INSERT INTO `tb_bed`
VALUES (1058, '110-3', 237);
INSERT INTO `tb_bed`
VALUES (1059, '110-4', 237);
INSERT INTO `tb_bed`
VALUES (1060, '110-5', 237);
INSERT INTO `tb_bed`
VALUES (1061, '110-6', 237);
INSERT INTO `tb_bed`
VALUES (1062, '201-1', 238);
INSERT INTO `tb_bed`
VALUES (1063, '201-2', 238);
INSERT INTO `tb_bed`
VALUES (1064, '201-3', 238);
INSERT INTO `tb_bed`
VALUES (1065, '201-4', 238);
INSERT INTO `tb_bed`
VALUES (1066, '201-5', 238);
INSERT INTO `tb_bed`
VALUES (1067, '201-6', 238);
INSERT INTO `tb_bed`
VALUES (1068, '202-1', 239);
INSERT INTO `tb_bed`
VALUES (1069, '202-2', 239);
INSERT INTO `tb_bed`
VALUES (1070, '202-3', 239);
INSERT INTO `tb_bed`
VALUES (1071, '202-4', 239);
INSERT INTO `tb_bed`
VALUES (1072, '202-5', 239);
INSERT INTO `tb_bed`
VALUES (1073, '202-6', 239);
INSERT INTO `tb_bed`
VALUES (1074, '203-1', 240);
INSERT INTO `tb_bed`
VALUES (1075, '203-2', 240);
INSERT INTO `tb_bed`
VALUES (1076, '203-3', 240);
INSERT INTO `tb_bed`
VALUES (1077, '203-4', 240);
INSERT INTO `tb_bed`
VALUES (1078, '203-5', 240);
INSERT INTO `tb_bed`
VALUES (1079, '203-6', 240);
INSERT INTO `tb_bed`
VALUES (1080, '204-1', 241);
INSERT INTO `tb_bed`
VALUES (1081, '204-2', 241);
INSERT INTO `tb_bed`
VALUES (1082, '204-3', 241);
INSERT INTO `tb_bed`
VALUES (1083, '204-4', 241);
INSERT INTO `tb_bed`
VALUES (1084, '204-5', 241);
INSERT INTO `tb_bed`
VALUES (1085, '204-6', 241);
INSERT INTO `tb_bed`
VALUES (1086, '205-1', 242);
INSERT INTO `tb_bed`
VALUES (1087, '205-2', 242);
INSERT INTO `tb_bed`
VALUES (1088, '205-3', 242);
INSERT INTO `tb_bed`
VALUES (1089, '205-4', 242);
INSERT INTO `tb_bed`
VALUES (1090, '205-5', 242);
INSERT INTO `tb_bed`
VALUES (1091, '205-6', 242);
INSERT INTO `tb_bed`
VALUES (1092, '206-1', 243);
INSERT INTO `tb_bed`
VALUES (1093, '206-2', 243);
INSERT INTO `tb_bed`
VALUES (1094, '206-3', 243);
INSERT INTO `tb_bed`
VALUES (1095, '206-4', 243);
INSERT INTO `tb_bed`
VALUES (1096, '206-5', 243);
INSERT INTO `tb_bed`
VALUES (1097, '206-6', 243);
INSERT INTO `tb_bed`
VALUES (1098, '207-1', 244);
INSERT INTO `tb_bed`
VALUES (1099, '207-2', 244);
INSERT INTO `tb_bed`
VALUES (1100, '207-3', 244);
INSERT INTO `tb_bed`
VALUES (1101, '207-4', 244);
INSERT INTO `tb_bed`
VALUES (1102, '207-5', 244);
INSERT INTO `tb_bed`
VALUES (1103, '207-6', 244);
INSERT INTO `tb_bed`
VALUES (1104, '208-1', 245);
INSERT INTO `tb_bed`
VALUES (1105, '208-2', 245);
INSERT INTO `tb_bed`
VALUES (1106, '208-3', 245);
INSERT INTO `tb_bed`
VALUES (1107, '208-4', 245);
INSERT INTO `tb_bed`
VALUES (1108, '208-5', 245);
INSERT INTO `tb_bed`
VALUES (1109, '208-6', 245);
INSERT INTO `tb_bed`
VALUES (1110, '209-1', 246);
INSERT INTO `tb_bed`
VALUES (1111, '209-2', 246);
INSERT INTO `tb_bed`
VALUES (1112, '209-3', 246);
INSERT INTO `tb_bed`
VALUES (1113, '209-4', 246);
INSERT INTO `tb_bed`
VALUES (1114, '209-5', 246);
INSERT INTO `tb_bed`
VALUES (1115, '209-6', 246);
INSERT INTO `tb_bed`
VALUES (1116, '210-1', 247);
INSERT INTO `tb_bed`
VALUES (1117, '210-2', 247);
INSERT INTO `tb_bed`
VALUES (1118, '210-3', 247);
INSERT INTO `tb_bed`
VALUES (1119, '210-4', 247);
INSERT INTO `tb_bed`
VALUES (1120, '210-5', 247);
INSERT INTO `tb_bed`
VALUES (1121, '210-6', 247);
INSERT INTO `tb_bed`
VALUES (1122, '301-1', 248);
INSERT INTO `tb_bed`
VALUES (1123, '301-2', 248);
INSERT INTO `tb_bed`
VALUES (1124, '301-3', 248);
INSERT INTO `tb_bed`
VALUES (1125, '301-4', 248);
INSERT INTO `tb_bed`
VALUES (1126, '301-5', 248);
INSERT INTO `tb_bed`
VALUES (1127, '301-6', 248);
INSERT INTO `tb_bed`
VALUES (1128, '302-1', 249);
INSERT INTO `tb_bed`
VALUES (1129, '302-2', 249);
INSERT INTO `tb_bed`
VALUES (1130, '302-3', 249);
INSERT INTO `tb_bed`
VALUES (1131, '302-4', 249);
INSERT INTO `tb_bed`
VALUES (1132, '302-5', 249);
INSERT INTO `tb_bed`
VALUES (1133, '302-6', 249);
INSERT INTO `tb_bed`
VALUES (1134, '303-1', 250);
INSERT INTO `tb_bed`
VALUES (1135, '303-2', 250);
INSERT INTO `tb_bed`
VALUES (1136, '303-3', 250);
INSERT INTO `tb_bed`
VALUES (1137, '303-4', 250);
INSERT INTO `tb_bed`
VALUES (1138, '303-5', 250);
INSERT INTO `tb_bed`
VALUES (1139, '303-6', 250);
INSERT INTO `tb_bed`
VALUES (1140, '304-1', 251);
INSERT INTO `tb_bed`
VALUES (1141, '304-2', 251);
INSERT INTO `tb_bed`
VALUES (1142, '304-3', 251);
INSERT INTO `tb_bed`
VALUES (1143, '304-4', 251);
INSERT INTO `tb_bed`
VALUES (1144, '304-5', 251);
INSERT INTO `tb_bed`
VALUES (1145, '304-6', 251);
INSERT INTO `tb_bed`
VALUES (1146, '305-1', 252);
INSERT INTO `tb_bed`
VALUES (1147, '305-2', 252);
INSERT INTO `tb_bed`
VALUES (1148, '305-3', 252);
INSERT INTO `tb_bed`
VALUES (1149, '305-4', 252);
INSERT INTO `tb_bed`
VALUES (1150, '305-5', 252);
INSERT INTO `tb_bed`
VALUES (1151, '305-6', 252);
INSERT INTO `tb_bed`
VALUES (1152, '306-1', 253);
INSERT INTO `tb_bed`
VALUES (1153, '306-2', 253);
INSERT INTO `tb_bed`
VALUES (1154, '306-3', 253);
INSERT INTO `tb_bed`
VALUES (1155, '306-4', 253);
INSERT INTO `tb_bed`
VALUES (1156, '306-5', 253);
INSERT INTO `tb_bed`
VALUES (1157, '306-6', 253);
INSERT INTO `tb_bed`
VALUES (1158, '307-1', 254);
INSERT INTO `tb_bed`
VALUES (1159, '307-2', 254);
INSERT INTO `tb_bed`
VALUES (1160, '307-3', 254);
INSERT INTO `tb_bed`
VALUES (1161, '307-4', 254);
INSERT INTO `tb_bed`
VALUES (1162, '307-5', 254);
INSERT INTO `tb_bed`
VALUES (1163, '307-6', 254);
INSERT INTO `tb_bed`
VALUES (1164, '308-1', 255);
INSERT INTO `tb_bed`
VALUES (1165, '308-2', 255);
INSERT INTO `tb_bed`
VALUES (1166, '308-3', 255);
INSERT INTO `tb_bed`
VALUES (1167, '308-4', 255);
INSERT INTO `tb_bed`
VALUES (1168, '308-5', 255);
INSERT INTO `tb_bed`
VALUES (1169, '308-6', 255);
INSERT INTO `tb_bed`
VALUES (1170, '309-1', 256);
INSERT INTO `tb_bed`
VALUES (1171, '309-2', 256);
INSERT INTO `tb_bed`
VALUES (1172, '309-3', 256);
INSERT INTO `tb_bed`
VALUES (1173, '309-4', 256);
INSERT INTO `tb_bed`
VALUES (1174, '309-5', 256);
INSERT INTO `tb_bed`
VALUES (1175, '309-6', 256);
INSERT INTO `tb_bed`
VALUES (1176, '310-1', 257);
INSERT INTO `tb_bed`
VALUES (1177, '310-2', 257);
INSERT INTO `tb_bed`
VALUES (1178, '310-3', 257);
INSERT INTO `tb_bed`
VALUES (1179, '310-4', 257);
INSERT INTO `tb_bed`
VALUES (1180, '310-5', 257);
INSERT INTO `tb_bed`
VALUES (1181, '310-6', 257);
INSERT INTO `tb_bed`
VALUES (1182, '401-1', 258);
INSERT INTO `tb_bed`
VALUES (1183, '401-2', 258);
INSERT INTO `tb_bed`
VALUES (1184, '401-3', 258);
INSERT INTO `tb_bed`
VALUES (1185, '401-4', 258);
INSERT INTO `tb_bed`
VALUES (1186, '401-5', 258);
INSERT INTO `tb_bed`
VALUES (1187, '401-6', 258);
INSERT INTO `tb_bed`
VALUES (1188, '402-1', 259);
INSERT INTO `tb_bed`
VALUES (1189, '402-2', 259);
INSERT INTO `tb_bed`
VALUES (1190, '402-3', 259);
INSERT INTO `tb_bed`
VALUES (1191, '402-4', 259);
INSERT INTO `tb_bed`
VALUES (1192, '402-5', 259);
INSERT INTO `tb_bed`
VALUES (1193, '402-6', 259);
INSERT INTO `tb_bed`
VALUES (1194, '403-1', 260);
INSERT INTO `tb_bed`
VALUES (1195, '403-2', 260);
INSERT INTO `tb_bed`
VALUES (1196, '403-3', 260);
INSERT INTO `tb_bed`
VALUES (1197, '403-4', 260);
INSERT INTO `tb_bed`
VALUES (1198, '403-5', 260);
INSERT INTO `tb_bed`
VALUES (1199, '403-6', 260);
INSERT INTO `tb_bed`
VALUES (1200, '404-1', 261);
INSERT INTO `tb_bed`
VALUES (1201, '404-2', 261);
INSERT INTO `tb_bed`
VALUES (1202, '404-3', 261);
INSERT INTO `tb_bed`
VALUES (1203, '404-4', 261);
INSERT INTO `tb_bed`
VALUES (1204, '404-5', 261);
INSERT INTO `tb_bed`
VALUES (1205, '404-6', 261);
INSERT INTO `tb_bed`
VALUES (1206, '405-1', 262);
INSERT INTO `tb_bed`
VALUES (1207, '405-2', 262);
INSERT INTO `tb_bed`
VALUES (1208, '405-3', 262);
INSERT INTO `tb_bed`
VALUES (1209, '405-4', 262);
INSERT INTO `tb_bed`
VALUES (1210, '405-5', 262);
INSERT INTO `tb_bed`
VALUES (1211, '405-6', 262);
INSERT INTO `tb_bed`
VALUES (1212, '406-1', 263);
INSERT INTO `tb_bed`
VALUES (1213, '406-2', 263);
INSERT INTO `tb_bed`
VALUES (1214, '406-3', 263);
INSERT INTO `tb_bed`
VALUES (1215, '406-4', 263);
INSERT INTO `tb_bed`
VALUES (1216, '406-5', 263);
INSERT INTO `tb_bed`
VALUES (1217, '406-6', 263);
INSERT INTO `tb_bed`
VALUES (1218, '407-1', 264);
INSERT INTO `tb_bed`
VALUES (1219, '407-2', 264);
INSERT INTO `tb_bed`
VALUES (1220, '407-3', 264);
INSERT INTO `tb_bed`
VALUES (1221, '407-4', 264);
INSERT INTO `tb_bed`
VALUES (1222, '407-5', 264);
INSERT INTO `tb_bed`
VALUES (1223, '407-6', 264);
INSERT INTO `tb_bed`
VALUES (1224, '408-1', 265);
INSERT INTO `tb_bed`
VALUES (1225, '408-2', 265);
INSERT INTO `tb_bed`
VALUES (1226, '408-3', 265);
INSERT INTO `tb_bed`
VALUES (1227, '408-4', 265);
INSERT INTO `tb_bed`
VALUES (1228, '408-5', 265);
INSERT INTO `tb_bed`
VALUES (1229, '408-6', 265);
INSERT INTO `tb_bed`
VALUES (1230, '409-1', 266);
INSERT INTO `tb_bed`
VALUES (1231, '409-2', 266);
INSERT INTO `tb_bed`
VALUES (1232, '409-3', 266);
INSERT INTO `tb_bed`
VALUES (1233, '409-4', 266);
INSERT INTO `tb_bed`
VALUES (1234, '409-5', 266);
INSERT INTO `tb_bed`
VALUES (1235, '409-6', 266);
INSERT INTO `tb_bed`
VALUES (1236, '410-1', 267);
INSERT INTO `tb_bed`
VALUES (1237, '410-2', 267);
INSERT INTO `tb_bed`
VALUES (1238, '410-3', 267);
INSERT INTO `tb_bed`
VALUES (1239, '410-4', 267);
INSERT INTO `tb_bed`
VALUES (1240, '410-5', 267);
INSERT INTO `tb_bed`
VALUES (1241, '410-6', 267);
INSERT INTO `tb_bed`
VALUES (1242, '501-1', 268);
INSERT INTO `tb_bed`
VALUES (1243, '501-2', 268);
INSERT INTO `tb_bed`
VALUES (1244, '501-3', 268);
INSERT INTO `tb_bed`
VALUES (1245, '501-4', 268);
INSERT INTO `tb_bed`
VALUES (1246, '501-5', 268);
INSERT INTO `tb_bed`
VALUES (1247, '501-6', 268);
INSERT INTO `tb_bed`
VALUES (1248, '502-1', 269);
INSERT INTO `tb_bed`
VALUES (1249, '502-2', 269);
INSERT INTO `tb_bed`
VALUES (1250, '502-3', 269);
INSERT INTO `tb_bed`
VALUES (1251, '502-4', 269);
INSERT INTO `tb_bed`
VALUES (1252, '502-5', 269);
INSERT INTO `tb_bed`
VALUES (1253, '502-6', 269);
INSERT INTO `tb_bed`
VALUES (1254, '503-1', 270);
INSERT INTO `tb_bed`
VALUES (1255, '503-2', 270);
INSERT INTO `tb_bed`
VALUES (1256, '503-3', 270);
INSERT INTO `tb_bed`
VALUES (1257, '503-4', 270);
INSERT INTO `tb_bed`
VALUES (1258, '503-5', 270);
INSERT INTO `tb_bed`
VALUES (1259, '503-6', 270);
INSERT INTO `tb_bed`
VALUES (1260, '504-1', 271);
INSERT INTO `tb_bed`
VALUES (1261, '504-2', 271);
INSERT INTO `tb_bed`
VALUES (1262, '504-3', 271);
INSERT INTO `tb_bed`
VALUES (1263, '504-4', 271);
INSERT INTO `tb_bed`
VALUES (1264, '504-5', 271);
INSERT INTO `tb_bed`
VALUES (1265, '504-6', 271);
INSERT INTO `tb_bed`
VALUES (1266, '505-1', 272);
INSERT INTO `tb_bed`
VALUES (1267, '505-2', 272);
INSERT INTO `tb_bed`
VALUES (1268, '505-3', 272);
INSERT INTO `tb_bed`
VALUES (1269, '505-4', 272);
INSERT INTO `tb_bed`
VALUES (1270, '505-5', 272);
INSERT INTO `tb_bed`
VALUES (1271, '505-6', 272);
INSERT INTO `tb_bed`
VALUES (1272, '506-1', 273);
INSERT INTO `tb_bed`
VALUES (1273, '506-2', 273);
INSERT INTO `tb_bed`
VALUES (1274, '506-3', 273);
INSERT INTO `tb_bed`
VALUES (1275, '506-4', 273);
INSERT INTO `tb_bed`
VALUES (1276, '506-5', 273);
INSERT INTO `tb_bed`
VALUES (1277, '506-6', 273);
INSERT INTO `tb_bed`
VALUES (1278, '507-1', 274);
INSERT INTO `tb_bed`
VALUES (1279, '507-2', 274);
INSERT INTO `tb_bed`
VALUES (1280, '507-3', 274);
INSERT INTO `tb_bed`
VALUES (1281, '507-4', 274);
INSERT INTO `tb_bed`
VALUES (1282, '507-5', 274);
INSERT INTO `tb_bed`
VALUES (1283, '507-6', 274);
INSERT INTO `tb_bed`
VALUES (1284, '508-1', 275);
INSERT INTO `tb_bed`
VALUES (1285, '508-2', 275);
INSERT INTO `tb_bed`
VALUES (1286, '508-3', 275);
INSERT INTO `tb_bed`
VALUES (1287, '508-4', 275);
INSERT INTO `tb_bed`
VALUES (1288, '508-5', 275);
INSERT INTO `tb_bed`
VALUES (1289, '508-6', 275);
INSERT INTO `tb_bed`
VALUES (1290, '509-1', 276);
INSERT INTO `tb_bed`
VALUES (1291, '509-2', 276);
INSERT INTO `tb_bed`
VALUES (1292, '509-3', 276);
INSERT INTO `tb_bed`
VALUES (1293, '509-4', 276);
INSERT INTO `tb_bed`
VALUES (1294, '509-5', 276);
INSERT INTO `tb_bed`
VALUES (1295, '509-6', 276);
INSERT INTO `tb_bed`
VALUES (1296, '510-1', 277);
INSERT INTO `tb_bed`
VALUES (1297, '510-2', 277);
INSERT INTO `tb_bed`
VALUES (1298, '510-3', 277);
INSERT INTO `tb_bed`
VALUES (1299, '510-4', 277);
INSERT INTO `tb_bed`
VALUES (1300, '510-5', 277);
INSERT INTO `tb_bed`
VALUES (1301, '510-6', 277);
INSERT INTO `tb_bed`
VALUES (1302, '601-1', 278);
INSERT INTO `tb_bed`
VALUES (1303, '601-2', 278);
INSERT INTO `tb_bed`
VALUES (1304, '601-3', 278);
INSERT INTO `tb_bed`
VALUES (1305, '601-4', 278);
INSERT INTO `tb_bed`
VALUES (1306, '601-5', 278);
INSERT INTO `tb_bed`
VALUES (1307, '601-6', 278);
INSERT INTO `tb_bed`
VALUES (1308, '602-1', 279);
INSERT INTO `tb_bed`
VALUES (1309, '602-2', 279);
INSERT INTO `tb_bed`
VALUES (1310, '602-3', 279);
INSERT INTO `tb_bed`
VALUES (1311, '602-4', 279);
INSERT INTO `tb_bed`
VALUES (1312, '602-5', 279);
INSERT INTO `tb_bed`
VALUES (1313, '602-6', 279);
INSERT INTO `tb_bed`
VALUES (1314, '603-1', 280);
INSERT INTO `tb_bed`
VALUES (1315, '603-2', 280);
INSERT INTO `tb_bed`
VALUES (1316, '603-3', 280);
INSERT INTO `tb_bed`
VALUES (1317, '603-4', 280);
INSERT INTO `tb_bed`
VALUES (1318, '603-5', 280);
INSERT INTO `tb_bed`
VALUES (1319, '603-6', 280);
INSERT INTO `tb_bed`
VALUES (1320, '604-1', 281);
INSERT INTO `tb_bed`
VALUES (1321, '604-2', 281);
INSERT INTO `tb_bed`
VALUES (1322, '604-3', 281);
INSERT INTO `tb_bed`
VALUES (1323, '604-4', 281);
INSERT INTO `tb_bed`
VALUES (1324, '604-5', 281);
INSERT INTO `tb_bed`
VALUES (1325, '604-6', 281);
INSERT INTO `tb_bed`
VALUES (1326, '605-1', 282);
INSERT INTO `tb_bed`
VALUES (1327, '605-2', 282);
INSERT INTO `tb_bed`
VALUES (1328, '605-3', 282);
INSERT INTO `tb_bed`
VALUES (1329, '605-4', 282);
INSERT INTO `tb_bed`
VALUES (1330, '605-5', 282);
INSERT INTO `tb_bed`
VALUES (1331, '605-6', 282);
INSERT INTO `tb_bed`
VALUES (1332, '606-1', 283);
INSERT INTO `tb_bed`
VALUES (1333, '606-2', 283);
INSERT INTO `tb_bed`
VALUES (1334, '606-3', 283);
INSERT INTO `tb_bed`
VALUES (1335, '606-4', 283);
INSERT INTO `tb_bed`
VALUES (1336, '606-5', 283);
INSERT INTO `tb_bed`
VALUES (1337, '606-6', 283);
INSERT INTO `tb_bed`
VALUES (1338, '607-1', 284);
INSERT INTO `tb_bed`
VALUES (1339, '607-2', 284);
INSERT INTO `tb_bed`
VALUES (1340, '607-3', 284);
INSERT INTO `tb_bed`
VALUES (1341, '607-4', 284);
INSERT INTO `tb_bed`
VALUES (1342, '607-5', 284);
INSERT INTO `tb_bed`
VALUES (1343, '607-6', 284);
INSERT INTO `tb_bed`
VALUES (1344, '608-1', 285);
INSERT INTO `tb_bed`
VALUES (1345, '608-2', 285);
INSERT INTO `tb_bed`
VALUES (1346, '608-3', 285);
INSERT INTO `tb_bed`
VALUES (1347, '608-4', 285);
INSERT INTO `tb_bed`
VALUES (1348, '608-5', 285);
INSERT INTO `tb_bed`
VALUES (1349, '608-6', 285);
INSERT INTO `tb_bed`
VALUES (1350, '609-1', 286);
INSERT INTO `tb_bed`
VALUES (1351, '609-2', 286);
INSERT INTO `tb_bed`
VALUES (1352, '609-3', 286);
INSERT INTO `tb_bed`
VALUES (1353, '609-4', 286);
INSERT INTO `tb_bed`
VALUES (1354, '609-5', 286);
INSERT INTO `tb_bed`
VALUES (1355, '609-6', 286);
INSERT INTO `tb_bed`
VALUES (1356, '610-1', 287);
INSERT INTO `tb_bed`
VALUES (1357, '610-2', 287);
INSERT INTO `tb_bed`
VALUES (1358, '610-3', 287);
INSERT INTO `tb_bed`
VALUES (1359, '610-4', 287);
INSERT INTO `tb_bed`
VALUES (1360, '610-5', 287);
INSERT INTO `tb_bed`
VALUES (1361, '610-6', 287);
INSERT INTO `tb_bed`
VALUES (1362, '101-1', 288);
INSERT INTO `tb_bed`
VALUES (1363, '101-2', 288);
INSERT INTO `tb_bed`
VALUES (1364, '101-3', 288);
INSERT INTO `tb_bed`
VALUES (1365, '101-4', 288);
INSERT INTO `tb_bed`
VALUES (1366, '101-5', 288);
INSERT INTO `tb_bed`
VALUES (1367, '101-6', 288);
INSERT INTO `tb_bed`
VALUES (1368, '102-1', 289);
INSERT INTO `tb_bed`
VALUES (1369, '102-2', 289);
INSERT INTO `tb_bed`
VALUES (1370, '102-3', 289);
INSERT INTO `tb_bed`
VALUES (1371, '102-4', 289);
INSERT INTO `tb_bed`
VALUES (1372, '102-5', 289);
INSERT INTO `tb_bed`
VALUES (1373, '102-6', 289);
INSERT INTO `tb_bed`
VALUES (1374, '103-1', 290);
INSERT INTO `tb_bed`
VALUES (1375, '103-2', 290);
INSERT INTO `tb_bed`
VALUES (1376, '103-3', 290);
INSERT INTO `tb_bed`
VALUES (1377, '103-4', 290);
INSERT INTO `tb_bed`
VALUES (1378, '103-5', 290);
INSERT INTO `tb_bed`
VALUES (1379, '103-6', 290);
INSERT INTO `tb_bed`
VALUES (1380, '104-1', 291);
INSERT INTO `tb_bed`
VALUES (1381, '104-2', 291);
INSERT INTO `tb_bed`
VALUES (1382, '104-3', 291);
INSERT INTO `tb_bed`
VALUES (1383, '104-4', 291);
INSERT INTO `tb_bed`
VALUES (1384, '104-5', 291);
INSERT INTO `tb_bed`
VALUES (1385, '104-6', 291);
INSERT INTO `tb_bed`
VALUES (1386, '105-1', 292);
INSERT INTO `tb_bed`
VALUES (1387, '105-2', 292);
INSERT INTO `tb_bed`
VALUES (1388, '105-3', 292);
INSERT INTO `tb_bed`
VALUES (1389, '105-4', 292);
INSERT INTO `tb_bed`
VALUES (1390, '105-5', 292);
INSERT INTO `tb_bed`
VALUES (1391, '105-6', 292);
INSERT INTO `tb_bed`
VALUES (1392, '106-1', 293);
INSERT INTO `tb_bed`
VALUES (1393, '106-2', 293);
INSERT INTO `tb_bed`
VALUES (1394, '106-3', 293);
INSERT INTO `tb_bed`
VALUES (1395, '106-4', 293);
INSERT INTO `tb_bed`
VALUES (1396, '106-5', 293);
INSERT INTO `tb_bed`
VALUES (1397, '106-6', 293);
INSERT INTO `tb_bed`
VALUES (1398, '107-1', 294);
INSERT INTO `tb_bed`
VALUES (1399, '107-2', 294);
INSERT INTO `tb_bed`
VALUES (1400, '107-3', 294);
INSERT INTO `tb_bed`
VALUES (1401, '107-4', 294);
INSERT INTO `tb_bed`
VALUES (1402, '107-5', 294);
INSERT INTO `tb_bed`
VALUES (1403, '107-6', 294);
INSERT INTO `tb_bed`
VALUES (1404, '108-1', 295);
INSERT INTO `tb_bed`
VALUES (1405, '108-2', 295);
INSERT INTO `tb_bed`
VALUES (1406, '108-3', 295);
INSERT INTO `tb_bed`
VALUES (1407, '108-4', 295);
INSERT INTO `tb_bed`
VALUES (1408, '108-5', 295);
INSERT INTO `tb_bed`
VALUES (1409, '108-6', 295);
INSERT INTO `tb_bed`
VALUES (1410, '109-1', 296);
INSERT INTO `tb_bed`
VALUES (1411, '109-2', 296);
INSERT INTO `tb_bed`
VALUES (1412, '109-3', 296);
INSERT INTO `tb_bed`
VALUES (1413, '109-4', 296);
INSERT INTO `tb_bed`
VALUES (1414, '109-5', 296);
INSERT INTO `tb_bed`
VALUES (1415, '109-6', 296);
INSERT INTO `tb_bed`
VALUES (1416, '110-1', 297);
INSERT INTO `tb_bed`
VALUES (1417, '110-2', 297);
INSERT INTO `tb_bed`
VALUES (1418, '110-3', 297);
INSERT INTO `tb_bed`
VALUES (1419, '110-4', 297);
INSERT INTO `tb_bed`
VALUES (1420, '110-5', 297);
INSERT INTO `tb_bed`
VALUES (1421, '110-6', 297);
INSERT INTO `tb_bed`
VALUES (1422, '201-1', 298);
INSERT INTO `tb_bed`
VALUES (1423, '201-2', 298);
INSERT INTO `tb_bed`
VALUES (1424, '201-3', 298);
INSERT INTO `tb_bed`
VALUES (1425, '201-4', 298);
INSERT INTO `tb_bed`
VALUES (1426, '201-5', 298);
INSERT INTO `tb_bed`
VALUES (1427, '201-6', 298);
INSERT INTO `tb_bed`
VALUES (1428, '202-1', 299);
INSERT INTO `tb_bed`
VALUES (1429, '202-2', 299);
INSERT INTO `tb_bed`
VALUES (1430, '202-3', 299);
INSERT INTO `tb_bed`
VALUES (1431, '202-4', 299);
INSERT INTO `tb_bed`
VALUES (1432, '202-5', 299);
INSERT INTO `tb_bed`
VALUES (1433, '202-6', 299);
INSERT INTO `tb_bed`
VALUES (1434, '203-1', 300);
INSERT INTO `tb_bed`
VALUES (1435, '203-2', 300);
INSERT INTO `tb_bed`
VALUES (1436, '203-3', 300);
INSERT INTO `tb_bed`
VALUES (1437, '203-4', 300);
INSERT INTO `tb_bed`
VALUES (1438, '203-5', 300);
INSERT INTO `tb_bed`
VALUES (1439, '203-6', 300);
INSERT INTO `tb_bed`
VALUES (1440, '204-1', 301);
INSERT INTO `tb_bed`
VALUES (1441, '204-2', 301);
INSERT INTO `tb_bed`
VALUES (1442, '204-3', 301);
INSERT INTO `tb_bed`
VALUES (1443, '204-4', 301);
INSERT INTO `tb_bed`
VALUES (1444, '204-5', 301);
INSERT INTO `tb_bed`
VALUES (1445, '204-6', 301);
INSERT INTO `tb_bed`
VALUES (1446, '205-1', 302);
INSERT INTO `tb_bed`
VALUES (1447, '205-2', 302);
INSERT INTO `tb_bed`
VALUES (1448, '205-3', 302);
INSERT INTO `tb_bed`
VALUES (1449, '205-4', 302);
INSERT INTO `tb_bed`
VALUES (1450, '205-5', 302);
INSERT INTO `tb_bed`
VALUES (1451, '205-6', 302);
INSERT INTO `tb_bed`
VALUES (1452, '206-1', 303);
INSERT INTO `tb_bed`
VALUES (1453, '206-2', 303);
INSERT INTO `tb_bed`
VALUES (1454, '206-3', 303);
INSERT INTO `tb_bed`
VALUES (1455, '206-4', 303);
INSERT INTO `tb_bed`
VALUES (1456, '206-5', 303);
INSERT INTO `tb_bed`
VALUES (1457, '206-6', 303);
INSERT INTO `tb_bed`
VALUES (1458, '207-1', 304);
INSERT INTO `tb_bed`
VALUES (1459, '207-2', 304);
INSERT INTO `tb_bed`
VALUES (1460, '207-3', 304);
INSERT INTO `tb_bed`
VALUES (1461, '207-4', 304);
INSERT INTO `tb_bed`
VALUES (1462, '207-5', 304);
INSERT INTO `tb_bed`
VALUES (1463, '207-6', 304);
INSERT INTO `tb_bed`
VALUES (1464, '208-1', 305);
INSERT INTO `tb_bed`
VALUES (1465, '208-2', 305);
INSERT INTO `tb_bed`
VALUES (1466, '208-3', 305);
INSERT INTO `tb_bed`
VALUES (1467, '208-4', 305);
INSERT INTO `tb_bed`
VALUES (1468, '208-5', 305);
INSERT INTO `tb_bed`
VALUES (1469, '208-6', 305);
INSERT INTO `tb_bed`
VALUES (1470, '209-1', 306);
INSERT INTO `tb_bed`
VALUES (1471, '209-2', 306);
INSERT INTO `tb_bed`
VALUES (1472, '209-3', 306);
INSERT INTO `tb_bed`
VALUES (1473, '209-4', 306);
INSERT INTO `tb_bed`
VALUES (1474, '209-5', 306);
INSERT INTO `tb_bed`
VALUES (1475, '209-6', 306);
INSERT INTO `tb_bed`
VALUES (1476, '210-1', 307);
INSERT INTO `tb_bed`
VALUES (1477, '210-2', 307);
INSERT INTO `tb_bed`
VALUES (1478, '210-3', 307);
INSERT INTO `tb_bed`
VALUES (1479, '210-4', 307);
INSERT INTO `tb_bed`
VALUES (1480, '210-5', 307);
INSERT INTO `tb_bed`
VALUES (1481, '210-6', 307);
INSERT INTO `tb_bed`
VALUES (1482, '301-1', 308);
INSERT INTO `tb_bed`
VALUES (1483, '301-2', 308);
INSERT INTO `tb_bed`
VALUES (1484, '301-3', 308);
INSERT INTO `tb_bed`
VALUES (1485, '301-4', 308);
INSERT INTO `tb_bed`
VALUES (1486, '301-5', 308);
INSERT INTO `tb_bed`
VALUES (1487, '301-6', 308);
INSERT INTO `tb_bed`
VALUES (1488, '302-1', 309);
INSERT INTO `tb_bed`
VALUES (1489, '302-2', 309);
INSERT INTO `tb_bed`
VALUES (1490, '302-3', 309);
INSERT INTO `tb_bed`
VALUES (1491, '302-4', 309);
INSERT INTO `tb_bed`
VALUES (1492, '302-5', 309);
INSERT INTO `tb_bed`
VALUES (1493, '302-6', 309);
INSERT INTO `tb_bed`
VALUES (1494, '303-1', 310);
INSERT INTO `tb_bed`
VALUES (1495, '303-2', 310);
INSERT INTO `tb_bed`
VALUES (1496, '303-3', 310);
INSERT INTO `tb_bed`
VALUES (1497, '303-4', 310);
INSERT INTO `tb_bed`
VALUES (1498, '303-5', 310);
INSERT INTO `tb_bed`
VALUES (1499, '303-6', 310);
INSERT INTO `tb_bed`
VALUES (1500, '304-1', 311);
INSERT INTO `tb_bed`
VALUES (1501, '304-2', 311);
INSERT INTO `tb_bed`
VALUES (1502, '304-3', 311);
INSERT INTO `tb_bed`
VALUES (1503, '304-4', 311);
INSERT INTO `tb_bed`
VALUES (1504, '304-5', 311);
INSERT INTO `tb_bed`
VALUES (1505, '304-6', 311);
INSERT INTO `tb_bed`
VALUES (1506, '305-1', 312);
INSERT INTO `tb_bed`
VALUES (1507, '305-2', 312);
INSERT INTO `tb_bed`
VALUES (1508, '305-3', 312);
INSERT INTO `tb_bed`
VALUES (1509, '305-4', 312);
INSERT INTO `tb_bed`
VALUES (1510, '305-5', 312);
INSERT INTO `tb_bed`
VALUES (1511, '305-6', 312);
INSERT INTO `tb_bed`
VALUES (1512, '306-1', 313);
INSERT INTO `tb_bed`
VALUES (1513, '306-2', 313);
INSERT INTO `tb_bed`
VALUES (1514, '306-3', 313);
INSERT INTO `tb_bed`
VALUES (1515, '306-4', 313);
INSERT INTO `tb_bed`
VALUES (1516, '306-5', 313);
INSERT INTO `tb_bed`
VALUES (1517, '306-6', 313);
INSERT INTO `tb_bed`
VALUES (1518, '307-1', 314);
INSERT INTO `tb_bed`
VALUES (1519, '307-2', 314);
INSERT INTO `tb_bed`
VALUES (1520, '307-3', 314);
INSERT INTO `tb_bed`
VALUES (1521, '307-4', 314);
INSERT INTO `tb_bed`
VALUES (1522, '307-5', 314);
INSERT INTO `tb_bed`
VALUES (1523, '307-6', 314);
INSERT INTO `tb_bed`
VALUES (1524, '308-1', 315);
INSERT INTO `tb_bed`
VALUES (1525, '308-2', 315);
INSERT INTO `tb_bed`
VALUES (1526, '308-3', 315);
INSERT INTO `tb_bed`
VALUES (1527, '308-4', 315);
INSERT INTO `tb_bed`
VALUES (1528, '308-5', 315);
INSERT INTO `tb_bed`
VALUES (1529, '308-6', 315);
INSERT INTO `tb_bed`
VALUES (1530, '309-1', 316);
INSERT INTO `tb_bed`
VALUES (1531, '309-2', 316);
INSERT INTO `tb_bed`
VALUES (1532, '309-3', 316);
INSERT INTO `tb_bed`
VALUES (1533, '309-4', 316);
INSERT INTO `tb_bed`
VALUES (1534, '309-5', 316);
INSERT INTO `tb_bed`
VALUES (1535, '309-6', 316);
INSERT INTO `tb_bed`
VALUES (1536, '310-1', 317);
INSERT INTO `tb_bed`
VALUES (1537, '310-2', 317);
INSERT INTO `tb_bed`
VALUES (1538, '310-3', 317);
INSERT INTO `tb_bed`
VALUES (1539, '310-4', 317);
INSERT INTO `tb_bed`
VALUES (1540, '310-5', 317);
INSERT INTO `tb_bed`
VALUES (1541, '310-6', 317);
INSERT INTO `tb_bed`
VALUES (1542, '401-1', 318);
INSERT INTO `tb_bed`
VALUES (1543, '401-2', 318);
INSERT INTO `tb_bed`
VALUES (1544, '401-3', 318);
INSERT INTO `tb_bed`
VALUES (1545, '401-4', 318);
INSERT INTO `tb_bed`
VALUES (1546, '401-5', 318);
INSERT INTO `tb_bed`
VALUES (1547, '401-6', 318);
INSERT INTO `tb_bed`
VALUES (1548, '402-1', 319);
INSERT INTO `tb_bed`
VALUES (1549, '402-2', 319);
INSERT INTO `tb_bed`
VALUES (1550, '402-3', 319);
INSERT INTO `tb_bed`
VALUES (1551, '402-4', 319);
INSERT INTO `tb_bed`
VALUES (1552, '402-5', 319);
INSERT INTO `tb_bed`
VALUES (1553, '402-6', 319);
INSERT INTO `tb_bed`
VALUES (1554, '403-1', 320);
INSERT INTO `tb_bed`
VALUES (1555, '403-2', 320);
INSERT INTO `tb_bed`
VALUES (1556, '403-3', 320);
INSERT INTO `tb_bed`
VALUES (1557, '403-4', 320);
INSERT INTO `tb_bed`
VALUES (1558, '403-5', 320);
INSERT INTO `tb_bed`
VALUES (1559, '403-6', 320);
INSERT INTO `tb_bed`
VALUES (1560, '404-1', 321);
INSERT INTO `tb_bed`
VALUES (1561, '404-2', 321);
INSERT INTO `tb_bed`
VALUES (1562, '404-3', 321);
INSERT INTO `tb_bed`
VALUES (1563, '404-4', 321);
INSERT INTO `tb_bed`
VALUES (1564, '404-5', 321);
INSERT INTO `tb_bed`
VALUES (1565, '404-6', 321);
INSERT INTO `tb_bed`
VALUES (1566, '405-1', 322);
INSERT INTO `tb_bed`
VALUES (1567, '405-2', 322);
INSERT INTO `tb_bed`
VALUES (1568, '405-3', 322);
INSERT INTO `tb_bed`
VALUES (1569, '405-4', 322);
INSERT INTO `tb_bed`
VALUES (1570, '405-5', 322);
INSERT INTO `tb_bed`
VALUES (1571, '405-6', 322);
INSERT INTO `tb_bed`
VALUES (1572, '406-1', 323);
INSERT INTO `tb_bed`
VALUES (1573, '406-2', 323);
INSERT INTO `tb_bed`
VALUES (1574, '406-3', 323);
INSERT INTO `tb_bed`
VALUES (1575, '406-4', 323);
INSERT INTO `tb_bed`
VALUES (1576, '406-5', 323);
INSERT INTO `tb_bed`
VALUES (1577, '406-6', 323);
INSERT INTO `tb_bed`
VALUES (1578, '407-1', 324);
INSERT INTO `tb_bed`
VALUES (1579, '407-2', 324);
INSERT INTO `tb_bed`
VALUES (1580, '407-3', 324);
INSERT INTO `tb_bed`
VALUES (1581, '407-4', 324);
INSERT INTO `tb_bed`
VALUES (1582, '407-5', 324);
INSERT INTO `tb_bed`
VALUES (1583, '407-6', 324);
INSERT INTO `tb_bed`
VALUES (1584, '408-1', 325);
INSERT INTO `tb_bed`
VALUES (1585, '408-2', 325);
INSERT INTO `tb_bed`
VALUES (1586, '408-3', 325);
INSERT INTO `tb_bed`
VALUES (1587, '408-4', 325);
INSERT INTO `tb_bed`
VALUES (1588, '408-5', 325);
INSERT INTO `tb_bed`
VALUES (1589, '408-6', 325);
INSERT INTO `tb_bed`
VALUES (1590, '409-1', 326);
INSERT INTO `tb_bed`
VALUES (1591, '409-2', 326);
INSERT INTO `tb_bed`
VALUES (1592, '409-3', 326);
INSERT INTO `tb_bed`
VALUES (1593, '409-4', 326);
INSERT INTO `tb_bed`
VALUES (1594, '409-5', 326);
INSERT INTO `tb_bed`
VALUES (1595, '409-6', 326);
INSERT INTO `tb_bed`
VALUES (1596, '410-1', 327);
INSERT INTO `tb_bed`
VALUES (1597, '410-2', 327);
INSERT INTO `tb_bed`
VALUES (1598, '410-3', 327);
INSERT INTO `tb_bed`
VALUES (1599, '410-4', 327);
INSERT INTO `tb_bed`
VALUES (1600, '410-5', 327);
INSERT INTO `tb_bed`
VALUES (1601, '410-6', 327);
INSERT INTO `tb_bed`
VALUES (1602, '501-1', 328);
INSERT INTO `tb_bed`
VALUES (1603, '501-2', 328);
INSERT INTO `tb_bed`
VALUES (1604, '501-3', 328);
INSERT INTO `tb_bed`
VALUES (1605, '501-4', 328);
INSERT INTO `tb_bed`
VALUES (1606, '501-5', 328);
INSERT INTO `tb_bed`
VALUES (1607, '501-6', 328);
INSERT INTO `tb_bed`
VALUES (1608, '502-1', 329);
INSERT INTO `tb_bed`
VALUES (1609, '502-2', 329);
INSERT INTO `tb_bed`
VALUES (1610, '502-3', 329);
INSERT INTO `tb_bed`
VALUES (1611, '502-4', 329);
INSERT INTO `tb_bed`
VALUES (1612, '502-5', 329);
INSERT INTO `tb_bed`
VALUES (1613, '502-6', 329);
INSERT INTO `tb_bed`
VALUES (1614, '503-1', 330);
INSERT INTO `tb_bed`
VALUES (1615, '503-2', 330);
INSERT INTO `tb_bed`
VALUES (1616, '503-3', 330);
INSERT INTO `tb_bed`
VALUES (1617, '503-4', 330);
INSERT INTO `tb_bed`
VALUES (1618, '503-5', 330);
INSERT INTO `tb_bed`
VALUES (1619, '503-6', 330);
INSERT INTO `tb_bed`
VALUES (1620, '504-1', 331);
INSERT INTO `tb_bed`
VALUES (1621, '504-2', 331);
INSERT INTO `tb_bed`
VALUES (1622, '504-3', 331);
INSERT INTO `tb_bed`
VALUES (1623, '504-4', 331);
INSERT INTO `tb_bed`
VALUES (1624, '504-5', 331);
INSERT INTO `tb_bed`
VALUES (1625, '504-6', 331);
INSERT INTO `tb_bed`
VALUES (1626, '505-1', 332);
INSERT INTO `tb_bed`
VALUES (1627, '505-2', 332);
INSERT INTO `tb_bed`
VALUES (1628, '505-3', 332);
INSERT INTO `tb_bed`
VALUES (1629, '505-4', 332);
INSERT INTO `tb_bed`
VALUES (1630, '505-5', 332);
INSERT INTO `tb_bed`
VALUES (1631, '505-6', 332);
INSERT INTO `tb_bed`
VALUES (1632, '506-1', 333);
INSERT INTO `tb_bed`
VALUES (1633, '506-2', 333);
INSERT INTO `tb_bed`
VALUES (1634, '506-3', 333);
INSERT INTO `tb_bed`
VALUES (1635, '506-4', 333);
INSERT INTO `tb_bed`
VALUES (1636, '506-5', 333);
INSERT INTO `tb_bed`
VALUES (1637, '506-6', 333);
INSERT INTO `tb_bed`
VALUES (1638, '507-1', 334);
INSERT INTO `tb_bed`
VALUES (1639, '507-2', 334);
INSERT INTO `tb_bed`
VALUES (1640, '507-3', 334);
INSERT INTO `tb_bed`
VALUES (1641, '507-4', 334);
INSERT INTO `tb_bed`
VALUES (1642, '507-5', 334);
INSERT INTO `tb_bed`
VALUES (1643, '507-6', 334);
INSERT INTO `tb_bed`
VALUES (1644, '508-1', 335);
INSERT INTO `tb_bed`
VALUES (1645, '508-2', 335);
INSERT INTO `tb_bed`
VALUES (1646, '508-3', 335);
INSERT INTO `tb_bed`
VALUES (1647, '508-4', 335);
INSERT INTO `tb_bed`
VALUES (1648, '508-5', 335);
INSERT INTO `tb_bed`
VALUES (1649, '508-6', 335);
INSERT INTO `tb_bed`
VALUES (1650, '509-1', 336);
INSERT INTO `tb_bed`
VALUES (1651, '509-2', 336);
INSERT INTO `tb_bed`
VALUES (1652, '509-3', 336);
INSERT INTO `tb_bed`
VALUES (1653, '509-4', 336);
INSERT INTO `tb_bed`
VALUES (1654, '509-5', 336);
INSERT INTO `tb_bed`
VALUES (1655, '509-6', 336);
INSERT INTO `tb_bed`
VALUES (1656, '510-1', 337);
INSERT INTO `tb_bed`
VALUES (1657, '510-2', 337);
INSERT INTO `tb_bed`
VALUES (1658, '510-3', 337);
INSERT INTO `tb_bed`
VALUES (1659, '510-4', 337);
INSERT INTO `tb_bed`
VALUES (1660, '510-5', 337);
INSERT INTO `tb_bed`
VALUES (1661, '510-6', 337);
INSERT INTO `tb_bed`
VALUES (1662, '601-1', 338);
INSERT INTO `tb_bed`
VALUES (1663, '601-2', 338);
INSERT INTO `tb_bed`
VALUES (1664, '601-3', 338);
INSERT INTO `tb_bed`
VALUES (1665, '601-4', 338);
INSERT INTO `tb_bed`
VALUES (1666, '601-5', 338);
INSERT INTO `tb_bed`
VALUES (1667, '601-6', 338);
INSERT INTO `tb_bed`
VALUES (1668, '602-1', 339);
INSERT INTO `tb_bed`
VALUES (1669, '602-2', 339);
INSERT INTO `tb_bed`
VALUES (1670, '602-3', 339);
INSERT INTO `tb_bed`
VALUES (1671, '602-4', 339);
INSERT INTO `tb_bed`
VALUES (1672, '602-5', 339);
INSERT INTO `tb_bed`
VALUES (1673, '602-6', 339);
INSERT INTO `tb_bed`
VALUES (1674, '603-1', 340);
INSERT INTO `tb_bed`
VALUES (1675, '603-2', 340);
INSERT INTO `tb_bed`
VALUES (1676, '603-3', 340);
INSERT INTO `tb_bed`
VALUES (1677, '603-4', 340);
INSERT INTO `tb_bed`
VALUES (1678, '603-5', 340);
INSERT INTO `tb_bed`
VALUES (1679, '603-6', 340);
INSERT INTO `tb_bed`
VALUES (1680, '604-1', 341);
INSERT INTO `tb_bed`
VALUES (1681, '604-2', 341);
INSERT INTO `tb_bed`
VALUES (1682, '604-3', 341);
INSERT INTO `tb_bed`
VALUES (1683, '604-4', 341);
INSERT INTO `tb_bed`
VALUES (1684, '604-5', 341);
INSERT INTO `tb_bed`
VALUES (1685, '604-6', 341);
INSERT INTO `tb_bed`
VALUES (1686, '605-1', 342);
INSERT INTO `tb_bed`
VALUES (1687, '605-2', 342);
INSERT INTO `tb_bed`
VALUES (1688, '605-3', 342);
INSERT INTO `tb_bed`
VALUES (1689, '605-4', 342);
INSERT INTO `tb_bed`
VALUES (1690, '605-5', 342);
INSERT INTO `tb_bed`
VALUES (1691, '605-6', 342);
INSERT INTO `tb_bed`
VALUES (1692, '606-1', 343);
INSERT INTO `tb_bed`
VALUES (1693, '606-2', 343);
INSERT INTO `tb_bed`
VALUES (1694, '606-3', 343);
INSERT INTO `tb_bed`
VALUES (1695, '606-4', 343);
INSERT INTO `tb_bed`
VALUES (1696, '606-5', 343);
INSERT INTO `tb_bed`
VALUES (1697, '606-6', 343);
INSERT INTO `tb_bed`
VALUES (1698, '607-1', 344);
INSERT INTO `tb_bed`
VALUES (1699, '607-2', 344);
INSERT INTO `tb_bed`
VALUES (1700, '607-3', 344);
INSERT INTO `tb_bed`
VALUES (1701, '607-4', 344);
INSERT INTO `tb_bed`
VALUES (1702, '607-5', 344);
INSERT INTO `tb_bed`
VALUES (1703, '607-6', 344);
INSERT INTO `tb_bed`
VALUES (1704, '608-1', 345);
INSERT INTO `tb_bed`
VALUES (1705, '608-2', 345);
INSERT INTO `tb_bed`
VALUES (1706, '608-3', 345);
INSERT INTO `tb_bed`
VALUES (1707, '608-4', 345);
INSERT INTO `tb_bed`
VALUES (1708, '608-5', 345);
INSERT INTO `tb_bed`
VALUES (1709, '608-6', 345);
INSERT INTO `tb_bed`
VALUES (1710, '609-1', 346);
INSERT INTO `tb_bed`
VALUES (1711, '609-2', 346);
INSERT INTO `tb_bed`
VALUES (1712, '609-3', 346);
INSERT INTO `tb_bed`
VALUES (1713, '609-4', 346);
INSERT INTO `tb_bed`
VALUES (1714, '609-5', 346);
INSERT INTO `tb_bed`
VALUES (1715, '609-6', 346);
INSERT INTO `tb_bed`
VALUES (1716, '610-1', 347);
INSERT INTO `tb_bed`
VALUES (1717, '610-2', 347);
INSERT INTO `tb_bed`
VALUES (1718, '610-3', 347);
INSERT INTO `tb_bed`
VALUES (1719, '610-4', 347);
INSERT INTO `tb_bed`
VALUES (1720, '610-5', 347);
INSERT INTO `tb_bed`
VALUES (1721, '610-6', 347);
INSERT INTO `tb_bed`
VALUES (1722, '101-1', 348);
INSERT INTO `tb_bed`
VALUES (1723, '101-2', 348);
INSERT INTO `tb_bed`
VALUES (1724, '101-3', 348);
INSERT INTO `tb_bed`
VALUES (1725, '101-4', 348);
INSERT INTO `tb_bed`
VALUES (1726, '101-5', 348);
INSERT INTO `tb_bed`
VALUES (1727, '101-6', 348);
INSERT INTO `tb_bed`
VALUES (1728, '102-1', 349);
INSERT INTO `tb_bed`
VALUES (1729, '102-2', 349);
INSERT INTO `tb_bed`
VALUES (1730, '102-3', 349);
INSERT INTO `tb_bed`
VALUES (1731, '102-4', 349);
INSERT INTO `tb_bed`
VALUES (1732, '102-5', 349);
INSERT INTO `tb_bed`
VALUES (1733, '102-6', 349);
INSERT INTO `tb_bed`
VALUES (1734, '103-1', 350);
INSERT INTO `tb_bed`
VALUES (1735, '103-2', 350);
INSERT INTO `tb_bed`
VALUES (1736, '103-3', 350);
INSERT INTO `tb_bed`
VALUES (1737, '103-4', 350);
INSERT INTO `tb_bed`
VALUES (1738, '103-5', 350);
INSERT INTO `tb_bed`
VALUES (1739, '103-6', 350);
INSERT INTO `tb_bed`
VALUES (1740, '104-1', 351);
INSERT INTO `tb_bed`
VALUES (1741, '104-2', 351);
INSERT INTO `tb_bed`
VALUES (1742, '104-3', 351);
INSERT INTO `tb_bed`
VALUES (1743, '104-4', 351);
INSERT INTO `tb_bed`
VALUES (1744, '104-5', 351);
INSERT INTO `tb_bed`
VALUES (1745, '104-6', 351);
INSERT INTO `tb_bed`
VALUES (1746, '105-1', 352);
INSERT INTO `tb_bed`
VALUES (1747, '105-2', 352);
INSERT INTO `tb_bed`
VALUES (1748, '105-3', 352);
INSERT INTO `tb_bed`
VALUES (1749, '105-4', 352);
INSERT INTO `tb_bed`
VALUES (1750, '105-5', 352);
INSERT INTO `tb_bed`
VALUES (1751, '105-6', 352);
INSERT INTO `tb_bed`
VALUES (1752, '106-1', 353);
INSERT INTO `tb_bed`
VALUES (1753, '106-2', 353);
INSERT INTO `tb_bed`
VALUES (1754, '106-3', 353);
INSERT INTO `tb_bed`
VALUES (1755, '106-4', 353);
INSERT INTO `tb_bed`
VALUES (1756, '106-5', 353);
INSERT INTO `tb_bed`
VALUES (1757, '106-6', 353);
INSERT INTO `tb_bed`
VALUES (1758, '107-1', 354);
INSERT INTO `tb_bed`
VALUES (1759, '107-2', 354);
INSERT INTO `tb_bed`
VALUES (1760, '107-3', 354);
INSERT INTO `tb_bed`
VALUES (1761, '107-4', 354);
INSERT INTO `tb_bed`
VALUES (1762, '107-5', 354);
INSERT INTO `tb_bed`
VALUES (1763, '107-6', 354);
INSERT INTO `tb_bed`
VALUES (1764, '108-1', 355);
INSERT INTO `tb_bed`
VALUES (1765, '108-2', 355);
INSERT INTO `tb_bed`
VALUES (1766, '108-3', 355);
INSERT INTO `tb_bed`
VALUES (1767, '108-4', 355);
INSERT INTO `tb_bed`
VALUES (1768, '108-5', 355);
INSERT INTO `tb_bed`
VALUES (1769, '108-6', 355);
INSERT INTO `tb_bed`
VALUES (1770, '109-1', 356);
INSERT INTO `tb_bed`
VALUES (1771, '109-2', 356);
INSERT INTO `tb_bed`
VALUES (1772, '109-3', 356);
INSERT INTO `tb_bed`
VALUES (1773, '109-4', 356);
INSERT INTO `tb_bed`
VALUES (1774, '109-5', 356);
INSERT INTO `tb_bed`
VALUES (1775, '109-6', 356);
INSERT INTO `tb_bed`
VALUES (1776, '110-1', 357);
INSERT INTO `tb_bed`
VALUES (1777, '110-2', 357);
INSERT INTO `tb_bed`
VALUES (1778, '110-3', 357);
INSERT INTO `tb_bed`
VALUES (1779, '110-4', 357);
INSERT INTO `tb_bed`
VALUES (1780, '110-5', 357);
INSERT INTO `tb_bed`
VALUES (1781, '110-6', 357);
INSERT INTO `tb_bed`
VALUES (1782, '101-1', 358);
INSERT INTO `tb_bed`
VALUES (1783, '101-2', 358);
INSERT INTO `tb_bed`
VALUES (1784, '101-3', 358);
INSERT INTO `tb_bed`
VALUES (1785, '101-4', 358);
INSERT INTO `tb_bed`
VALUES (1786, '101-5', 358);
INSERT INTO `tb_bed`
VALUES (1787, '101-6', 358);
INSERT INTO `tb_bed`
VALUES (1788, '102-1', 359);
INSERT INTO `tb_bed`
VALUES (1789, '102-2', 359);
INSERT INTO `tb_bed`
VALUES (1790, '102-3', 359);
INSERT INTO `tb_bed`
VALUES (1791, '102-4', 359);
INSERT INTO `tb_bed`
VALUES (1792, '102-5', 359);
INSERT INTO `tb_bed`
VALUES (1793, '102-6', 359);
INSERT INTO `tb_bed`
VALUES (1794, '103-1', 360);
INSERT INTO `tb_bed`
VALUES (1795, '103-2', 360);
INSERT INTO `tb_bed`
VALUES (1796, '103-3', 360);
INSERT INTO `tb_bed`
VALUES (1797, '103-4', 360);
INSERT INTO `tb_bed`
VALUES (1798, '103-5', 360);
INSERT INTO `tb_bed`
VALUES (1799, '103-6', 360);
INSERT INTO `tb_bed`
VALUES (1800, '104-1', 361);
INSERT INTO `tb_bed`
VALUES (1801, '104-2', 361);
INSERT INTO `tb_bed`
VALUES (1802, '104-3', 361);
INSERT INTO `tb_bed`
VALUES (1803, '104-4', 361);
INSERT INTO `tb_bed`
VALUES (1804, '104-5', 361);
INSERT INTO `tb_bed`
VALUES (1805, '104-6', 361);
INSERT INTO `tb_bed`
VALUES (1806, '105-1', 362);
INSERT INTO `tb_bed`
VALUES (1807, '105-2', 362);
INSERT INTO `tb_bed`
VALUES (1808, '105-3', 362);
INSERT INTO `tb_bed`
VALUES (1809, '105-4', 362);
INSERT INTO `tb_bed`
VALUES (1810, '105-5', 362);
INSERT INTO `tb_bed`
VALUES (1811, '105-6', 362);
INSERT INTO `tb_bed`
VALUES (1812, '106-1', 363);
INSERT INTO `tb_bed`
VALUES (1813, '106-2', 363);
INSERT INTO `tb_bed`
VALUES (1814, '106-3', 363);
INSERT INTO `tb_bed`
VALUES (1815, '106-4', 363);
INSERT INTO `tb_bed`
VALUES (1816, '106-5', 363);
INSERT INTO `tb_bed`
VALUES (1817, '106-6', 363);
INSERT INTO `tb_bed`
VALUES (1818, '107-1', 364);
INSERT INTO `tb_bed`
VALUES (1819, '107-2', 364);
INSERT INTO `tb_bed`
VALUES (1820, '107-3', 364);
INSERT INTO `tb_bed`
VALUES (1821, '107-4', 364);
INSERT INTO `tb_bed`
VALUES (1822, '107-5', 364);
INSERT INTO `tb_bed`
VALUES (1823, '107-6', 364);
INSERT INTO `tb_bed`
VALUES (1824, '108-1', 365);
INSERT INTO `tb_bed`
VALUES (1825, '108-2', 365);
INSERT INTO `tb_bed`
VALUES (1826, '108-3', 365);
INSERT INTO `tb_bed`
VALUES (1827, '108-4', 365);
INSERT INTO `tb_bed`
VALUES (1828, '108-5', 365);
INSERT INTO `tb_bed`
VALUES (1829, '108-6', 365);
INSERT INTO `tb_bed`
VALUES (1830, '109-1', 366);
INSERT INTO `tb_bed`
VALUES (1831, '109-2', 366);
INSERT INTO `tb_bed`
VALUES (1832, '109-3', 366);
INSERT INTO `tb_bed`
VALUES (1833, '109-4', 366);
INSERT INTO `tb_bed`
VALUES (1834, '109-5', 366);
INSERT INTO `tb_bed`
VALUES (1835, '109-6', 366);
INSERT INTO `tb_bed`
VALUES (1836, '110-1', 367);
INSERT INTO `tb_bed`
VALUES (1837, '110-2', 367);
INSERT INTO `tb_bed`
VALUES (1838, '110-3', 367);
INSERT INTO `tb_bed`
VALUES (1839, '110-4', 367);
INSERT INTO `tb_bed`
VALUES (1840, '110-5', 367);
INSERT INTO `tb_bed`
VALUES (1841, '110-6', 367);
INSERT INTO `tb_bed`
VALUES (1842, '101-1', 368);
INSERT INTO `tb_bed`
VALUES (1843, '101-2', 368);
INSERT INTO `tb_bed`
VALUES (1844, '101-3', 368);
INSERT INTO `tb_bed`
VALUES (1845, '101-4', 368);
INSERT INTO `tb_bed`
VALUES (1846, '101-5', 368);
INSERT INTO `tb_bed`
VALUES (1847, '101-6', 368);
INSERT INTO `tb_bed`
VALUES (1848, '102-1', 369);
INSERT INTO `tb_bed`
VALUES (1849, '102-2', 369);
INSERT INTO `tb_bed`
VALUES (1850, '102-3', 369);
INSERT INTO `tb_bed`
VALUES (1851, '102-4', 369);
INSERT INTO `tb_bed`
VALUES (1852, '102-5', 369);
INSERT INTO `tb_bed`
VALUES (1853, '102-6', 369);
INSERT INTO `tb_bed`
VALUES (1854, '103-1', 370);
INSERT INTO `tb_bed`
VALUES (1855, '103-2', 370);
INSERT INTO `tb_bed`
VALUES (1856, '103-3', 370);
INSERT INTO `tb_bed`
VALUES (1857, '103-4', 370);
INSERT INTO `tb_bed`
VALUES (1858, '103-5', 370);
INSERT INTO `tb_bed`
VALUES (1859, '103-6', 370);
INSERT INTO `tb_bed`
VALUES (1860, '104-1', 371);
INSERT INTO `tb_bed`
VALUES (1861, '104-2', 371);
INSERT INTO `tb_bed`
VALUES (1862, '104-3', 371);
INSERT INTO `tb_bed`
VALUES (1863, '104-4', 371);
INSERT INTO `tb_bed`
VALUES (1864, '104-5', 371);
INSERT INTO `tb_bed`
VALUES (1865, '104-6', 371);
INSERT INTO `tb_bed`
VALUES (1866, '105-1', 372);
INSERT INTO `tb_bed`
VALUES (1867, '105-2', 372);
INSERT INTO `tb_bed`
VALUES (1868, '105-3', 372);
INSERT INTO `tb_bed`
VALUES (1869, '105-4', 372);
INSERT INTO `tb_bed`
VALUES (1870, '105-5', 372);
INSERT INTO `tb_bed`
VALUES (1871, '105-6', 372);
INSERT INTO `tb_bed`
VALUES (1872, '106-1', 373);
INSERT INTO `tb_bed`
VALUES (1873, '106-2', 373);
INSERT INTO `tb_bed`
VALUES (1874, '106-3', 373);
INSERT INTO `tb_bed`
VALUES (1875, '106-4', 373);
INSERT INTO `tb_bed`
VALUES (1876, '106-5', 373);
INSERT INTO `tb_bed`
VALUES (1877, '106-6', 373);
INSERT INTO `tb_bed`
VALUES (1878, '107-1', 374);
INSERT INTO `tb_bed`
VALUES (1879, '107-2', 374);
INSERT INTO `tb_bed`
VALUES (1880, '107-3', 374);
INSERT INTO `tb_bed`
VALUES (1881, '107-4', 374);
INSERT INTO `tb_bed`
VALUES (1882, '107-5', 374);
INSERT INTO `tb_bed`
VALUES (1883, '107-6', 374);
INSERT INTO `tb_bed`
VALUES (1884, '108-1', 375);
INSERT INTO `tb_bed`
VALUES (1885, '108-2', 375);
INSERT INTO `tb_bed`
VALUES (1886, '108-3', 375);
INSERT INTO `tb_bed`
VALUES (1887, '108-4', 375);
INSERT INTO `tb_bed`
VALUES (1888, '108-5', 375);
INSERT INTO `tb_bed`
VALUES (1889, '108-6', 375);
INSERT INTO `tb_bed`
VALUES (1890, '109-1', 376);
INSERT INTO `tb_bed`
VALUES (1891, '109-2', 376);
INSERT INTO `tb_bed`
VALUES (1892, '109-3', 376);
INSERT INTO `tb_bed`
VALUES (1893, '109-4', 376);
INSERT INTO `tb_bed`
VALUES (1894, '109-5', 376);
INSERT INTO `tb_bed`
VALUES (1895, '109-6', 376);
INSERT INTO `tb_bed`
VALUES (1896, '110-1', 377);
INSERT INTO `tb_bed`
VALUES (1897, '110-2', 377);
INSERT INTO `tb_bed`
VALUES (1898, '110-3', 377);
INSERT INTO `tb_bed`
VALUES (1899, '110-4', 377);
INSERT INTO `tb_bed`
VALUES (1900, '110-5', 377);
INSERT INTO `tb_bed`
VALUES (1901, '110-6', 377);
INSERT INTO `tb_bed`
VALUES (1902, '101-1', 378);
INSERT INTO `tb_bed`
VALUES (1903, '101-2', 378);
INSERT INTO `tb_bed`
VALUES (1904, '101-3', 378);
INSERT INTO `tb_bed`
VALUES (1905, '101-4', 378);
INSERT INTO `tb_bed`
VALUES (1906, '101-5', 378);
INSERT INTO `tb_bed`
VALUES (1907, '101-6', 378);
INSERT INTO `tb_bed`
VALUES (1908, '102-1', 379);
INSERT INTO `tb_bed`
VALUES (1909, '102-2', 379);
INSERT INTO `tb_bed`
VALUES (1910, '102-3', 379);
INSERT INTO `tb_bed`
VALUES (1911, '102-4', 379);
INSERT INTO `tb_bed`
VALUES (1912, '102-5', 379);
INSERT INTO `tb_bed`
VALUES (1913, '102-6', 379);
INSERT INTO `tb_bed`
VALUES (1914, '103-1', 380);
INSERT INTO `tb_bed`
VALUES (1915, '103-2', 380);
INSERT INTO `tb_bed`
VALUES (1916, '103-3', 380);
INSERT INTO `tb_bed`
VALUES (1917, '103-4', 380);
INSERT INTO `tb_bed`
VALUES (1918, '103-5', 380);
INSERT INTO `tb_bed`
VALUES (1919, '103-6', 380);
INSERT INTO `tb_bed`
VALUES (1920, '104-1', 381);
INSERT INTO `tb_bed`
VALUES (1921, '104-2', 381);
INSERT INTO `tb_bed`
VALUES (1922, '104-3', 381);
INSERT INTO `tb_bed`
VALUES (1923, '104-4', 381);
INSERT INTO `tb_bed`
VALUES (1924, '104-5', 381);
INSERT INTO `tb_bed`
VALUES (1925, '104-6', 381);
INSERT INTO `tb_bed`
VALUES (1926, '105-1', 382);
INSERT INTO `tb_bed`
VALUES (1927, '105-2', 382);
INSERT INTO `tb_bed`
VALUES (1928, '105-3', 382);
INSERT INTO `tb_bed`
VALUES (1929, '105-4', 382);
INSERT INTO `tb_bed`
VALUES (1930, '105-5', 382);
INSERT INTO `tb_bed`
VALUES (1931, '105-6', 382);
INSERT INTO `tb_bed`
VALUES (1932, '106-1', 383);
INSERT INTO `tb_bed`
VALUES (1933, '106-2', 383);
INSERT INTO `tb_bed`
VALUES (1934, '106-3', 383);
INSERT INTO `tb_bed`
VALUES (1935, '106-4', 383);
INSERT INTO `tb_bed`
VALUES (1936, '106-5', 383);
INSERT INTO `tb_bed`
VALUES (1937, '106-6', 383);
INSERT INTO `tb_bed`
VALUES (1938, '107-1', 384);
INSERT INTO `tb_bed`
VALUES (1939, '107-2', 384);
INSERT INTO `tb_bed`
VALUES (1940, '107-3', 384);
INSERT INTO `tb_bed`
VALUES (1941, '107-4', 384);
INSERT INTO `tb_bed`
VALUES (1942, '107-5', 384);
INSERT INTO `tb_bed`
VALUES (1943, '107-6', 384);
INSERT INTO `tb_bed`
VALUES (1944, '108-1', 385);
INSERT INTO `tb_bed`
VALUES (1945, '108-2', 385);
INSERT INTO `tb_bed`
VALUES (1946, '108-3', 385);
INSERT INTO `tb_bed`
VALUES (1947, '108-4', 385);
INSERT INTO `tb_bed`
VALUES (1948, '108-5', 385);
INSERT INTO `tb_bed`
VALUES (1949, '108-6', 385);
INSERT INTO `tb_bed`
VALUES (1950, '109-1', 386);
INSERT INTO `tb_bed`
VALUES (1951, '109-2', 386);
INSERT INTO `tb_bed`
VALUES (1952, '109-3', 386);
INSERT INTO `tb_bed`
VALUES (1953, '109-4', 386);
INSERT INTO `tb_bed`
VALUES (1954, '109-5', 386);
INSERT INTO `tb_bed`
VALUES (1955, '109-6', 386);
INSERT INTO `tb_bed`
VALUES (1956, '110-1', 387);
INSERT INTO `tb_bed`
VALUES (1957, '110-2', 387);
INSERT INTO `tb_bed`
VALUES (1958, '110-3', 387);
INSERT INTO `tb_bed`
VALUES (1959, '110-4', 387);
INSERT INTO `tb_bed`
VALUES (1960, '110-5', 387);
INSERT INTO `tb_bed`
VALUES (1961, '110-6', 387);

-- ----------------------------
-- Table structure for tb_building
-- ----------------------------
DROP TABLE IF EXISTS `tb_building`;
CREATE TABLE `tb_building`
(
    `id`         int(11) NOT NULL AUTO_INCREMENT,
    `name`       varchar(100) CHARACTER SET utf8 COLLATE utf8_general_ci NULL DEFAULT NULL,
    `type`       int(11) NULL DEFAULT NULL COMMENT '4/6/8',
    `storey_num` int(11) NULL DEFAULT NULL,
    `sex`        int(11) NULL DEFAULT NULL,
    `remark`     varchar(200) CHARACTER SET utf8 COLLATE utf8_general_ci NULL DEFAULT NULL,
    `user_id`    int(11) NULL DEFAULT NULL,
    PRIMARY KEY (`id`) USING BTREE
) ENGINE = InnoDB AUTO_INCREMENT = 16 CHARACTER SET = utf8 COLLATE = utf8_general_ci COMMENT = '' ROW_FORMAT = Dynamic;

-- ----------------------------
-- Records of tb_building
-- ----------------------------
INSERT INTO `tb_building`
VALUES (9, '1', 6, 6, 1, '', 99);
INSERT INTO `tb_building`
VALUES (10, '2', 6, 6, 1, '', 99);
INSERT INTO `tb_building`
VALUES (11, '3', 6, 6, 1, '', 99);
INSERT INTO `tb_building`
VALUES (12, '4', 6, 6, 1, '', 100);
INSERT INTO `tb_building`
VALUES (13, '5', 6, 6, 1, '', 100);
INSERT INTO `tb_building`
VALUES (15, '6', 6, 6, 1, '', 100);

-- ----------------------------
-- Table structure for tb_dormitory
-- ----------------------------
DROP TABLE IF EXISTS `tb_dormitory`;
CREATE TABLE `tb_dormitory`
(
    `id`          int(11) NOT NULL AUTO_INCREMENT,
    `no`          varchar(50) CHARACTER SET utf8 COLLATE utf8_general_ci NULL DEFAULT NULL,
    `sex`         int(11) NULL DEFAULT NULL,
    `type`        int(11) NULL DEFAULT NULL,
    `capacity`    int(11) NULL DEFAULT NULL,
    `storey_id`   int(11) NULL DEFAULT NULL,
    `building_id` int(11) NULL DEFAULT NULL,
    PRIMARY KEY (`id`) USING BTREE
) ENGINE = InnoDB AUTO_INCREMENT = 388 CHARACTER SET = utf8 COLLATE = utf8_general_ci ROW_FORMAT = Dynamic;

-- ----------------------------
-- Records of tb_dormitory
-- ----------------------------
INSERT INTO `tb_dormitory`
VALUES (188, 'A1', 1, 4, 6, 1, 5);
INSERT INTO `tb_dormitory`
VALUES (189, 'A2', 1, 4, 6, 1, 5);
INSERT INTO `tb_dormitory`
VALUES (190, 'A3', 1, 4, 6, 1, 5);
INSERT INTO `tb_dormitory`
VALUES (191, 'A4', 1, 4, 6, 1, 5);
INSERT INTO `tb_dormitory`
VALUES (192, 'A5', 1, 4, 6, 1, 5);
INSERT INTO `tb_dormitory`
VALUES (193, 'A6', 1, 4, 6, 1, 5);
INSERT INTO `tb_dormitory`
VALUES (194, 'A7', 1, 4, 6, 1, 5);
INSERT INTO `tb_dormitory`
VALUES (195, 'A8', 1, 4, 6, 1, 5);
INSERT INTO `tb_dormitory`
VALUES (196, 'A9', 1, 4, 6, 1, 5);
INSERT INTO `tb_dormitory`
VALUES (197, 'A10', 1, 4, 6, 1, 5);
INSERT INTO `tb_dormitory`
VALUES (198, 'B1', 1, 4, 6, 1, 5);
INSERT INTO `tb_dormitory`
VALUES (199, 'B2', 1, 4, 6, 1, 5);
INSERT INTO `tb_dormitory`
VALUES (200, 'B3', 1, 4, 6, 1, 5);
INSERT INTO `tb_dormitory`
VALUES (201, 'B4', 1, 4, 6, 1, 5);
INSERT INTO `tb_dormitory`
VALUES (202, 'B5', 1, 4, 6, 1, 5);
INSERT INTO `tb_dormitory`
VALUES (203, 'B6', 1, 4, 6, 1, 5);
INSERT INTO `tb_dormitory`
VALUES (204, 'B7', 1, 4, 6, 1, 5);
INSERT INTO `tb_dormitory`
VALUES (205, 'B8', 1, 4, 6, 1, 5);
INSERT INTO `tb_dormitory`
VALUES (206, 'B9', 1, 4, 6, 1, 5);
INSERT INTO `tb_dormitory`
VALUES (207, 'B10', 1, 4, 6, 1, 5);
INSERT INTO `tb_dormitory`
VALUES (208, 'A201', 1, 4, 6, 2, 5);
INSERT INTO `tb_dormitory`
VALUES (209, 'A202', 1, 4, 6, 2, 5);
INSERT INTO `tb_dormitory`
VALUES (210, 'A203', 1, 4, 6, 2, 5);
INSERT INTO `tb_dormitory`
VALUES (211, 'A204', 1, 4, 6, 2, 5);
INSERT INTO `tb_dormitory`
VALUES (212, 'A205', 1, 4, 6, 2, 5);
INSERT INTO `tb_dormitory`
VALUES (213, 'A206', 1, 4, 6, 2, 5);
INSERT INTO `tb_dormitory`
VALUES (214, 'A207', 1, 4, 6, 2, 5);
INSERT INTO `tb_dormitory`
VALUES (215, 'A208', 1, 4, 6, 2, 5);
INSERT INTO `tb_dormitory`
VALUES (216, 'A209', 1, 4, 6, 2, 5);
INSERT INTO `tb_dormitory`
VALUES (217, 'A210', 1, 4, 6, 2, 5);
INSERT INTO `tb_dormitory`
VALUES (218, 'A211', 1, 4, 6, 2, 5);
INSERT INTO `tb_dormitory`
VALUES (219, 'A212', 1, 4, 6, 2, 5);
INSERT INTO `tb_dormitory`
VALUES (220, 'A213', 1, 4, 6, 2, 5);
INSERT INTO `tb_dormitory`
VALUES (221, 'A214', 1, 4, 6, 2, 5);
INSERT INTO `tb_dormitory`
VALUES (222, 'A215', 1, 4, 6, 2, 5);
INSERT INTO `tb_dormitory`
VALUES (223, 'A216', 1, 4, 6, 2, 5);
INSERT INTO `tb_dormitory`
VALUES (224, 'A217', 1, 4, 6, 2, 5);
INSERT INTO `tb_dormitory`
VALUES (225, 'A218', 1, 4, 6, 2, 5);
INSERT INTO `tb_dormitory`
VALUES (226, 'A219', 1, 4, 6, 2, 5);
INSERT INTO `tb_dormitory`
VALUES (227, 'A220', 1, 4, 6, 2, 5);
INSERT INTO `tb_dormitory`
VALUES (228, '101', 1, 6, 6, 17, 9);
INSERT INTO `tb_dormitory`
VALUES (229, '102', 1, 6, 6, 17, 9);
INSERT INTO `tb_dormitory`
VALUES (230, '103', 1, 6, 6, 17, 9);
INSERT INTO `tb_dormitory`
VALUES (231, '104', 1, 6, 6, 17, 9);
INSERT INTO `tb_dormitory`
VALUES (232, '105', 1, 6, 6, 17, 9);
INSERT INTO `tb_dormitory`
VALUES (233, '106', 1, 6, 6, 17, 9);
INSERT INTO `tb_dormitory`
VALUES (234, '107', 1, 6, 6, 17, 9);
INSERT INTO `tb_dormitory`
VALUES (235, '108', 1, 6, 6, 17, 9);
INSERT INTO `tb_dormitory`
VALUES (236, '109', 1, 6, 6, 17, 9);
INSERT INTO `tb_dormitory`
VALUES (237, '110', 1, 6, 6, 17, 9);
INSERT INTO `tb_dormitory`
VALUES (238, '201', 1, 6, 6, 18, 9);
INSERT INTO `tb_dormitory`
VALUES (239, '202', 1, 6, 6, 18, 9);
INSERT INTO `tb_dormitory`
VALUES (240, '203', 1, 6, 6, 18, 9);
INSERT INTO `tb_dormitory`
VALUES (241, '204', 1, 6, 6, 18, 9);
INSERT INTO `tb_dormitory`
VALUES (242, '205', 1, 6, 6, 18, 9);
INSERT INTO `tb_dormitory`
VALUES (243, '206', 1, 6, 6, 18, 9);
INSERT INTO `tb_dormitory`
VALUES (244, '207', 1, 6, 6, 18, 9);
INSERT INTO `tb_dormitory`
VALUES (245, '208', 1, 6, 6, 18, 9);
INSERT INTO `tb_dormitory`
VALUES (246, '209', 1, 6, 6, 18, 9);
INSERT INTO `tb_dormitory`
VALUES (247, '210', 1, 6, 6, 18, 9);
INSERT INTO `tb_dormitory`
VALUES (248, '301', 1, 6, 6, 19, 9);
INSERT INTO `tb_dormitory`
VALUES (249, '302', 1, 6, 6, 19, 9);
INSERT INTO `tb_dormitory`
VALUES (250, '303', 1, 6, 6, 19, 9);
INSERT INTO `tb_dormitory`
VALUES (251, '304', 1, 6, 6, 19, 9);
INSERT INTO `tb_dormitory`
VALUES (252, '305', 1, 6, 6, 19, 9);
INSERT INTO `tb_dormitory`
VALUES (253, '306', 1, 6, 6, 19, 9);
INSERT INTO `tb_dormitory`
VALUES (254, '307', 1, 6, 6, 19, 9);
INSERT INTO `tb_dormitory`
VALUES (255, '308', 1, 6, 6, 19, 9);
INSERT INTO `tb_dormitory`
VALUES (256, '309', 1, 6, 6, 19, 9);
INSERT INTO `tb_dormitory`
VALUES (257, '310', 1, 6, 6, 19, 9);
INSERT INTO `tb_dormitory`
VALUES (258, '401', 1, 6, 6, 20, 9);
INSERT INTO `tb_dormitory`
VALUES (259, '402', 1, 6, 6, 20, 9);
INSERT INTO `tb_dormitory`
VALUES (260, '403', 1, 6, 6, 20, 9);
INSERT INTO `tb_dormitory`
VALUES (261, '404', 1, 6, 6, 20, 9);
INSERT INTO `tb_dormitory`
VALUES (262, '405', 1, 6, 6, 20, 9);
INSERT INTO `tb_dormitory`
VALUES (263, '406', 1, 6, 6, 20, 9);
INSERT INTO `tb_dormitory`
VALUES (264, '407', 1, 6, 6, 20, 9);
INSERT INTO `tb_dormitory`
VALUES (265, '408', 1, 6, 6, 20, 9);
INSERT INTO `tb_dormitory`
VALUES (266, '409', 1, 6, 6, 20, 9);
INSERT INTO `tb_dormitory`
VALUES (267, '410', 1, 6, 6, 20, 9);
INSERT INTO `tb_dormitory`
VALUES (268, '501', 1, 6, 6, 21, 9);
INSERT INTO `tb_dormitory`
VALUES (269, '502', 1, 6, 6, 21, 9);
INSERT INTO `tb_dormitory`
VALUES (270, '503', 1, 6, 6, 21, 9);
INSERT INTO `tb_dormitory`
VALUES (271, '504', 1, 6, 6, 21, 9);
INSERT INTO `tb_dormitory`
VALUES (272, '505', 1, 6, 6, 21, 9);
INSERT INTO `tb_dormitory`
VALUES (273, '506', 1, 6, 6, 21, 9);
INSERT INTO `tb_dormitory`
VALUES (274, '507', 1, 6, 6, 21, 9);
INSERT INTO `tb_dormitory`
VALUES (275, '508', 1, 6, 6, 21, 9);
INSERT INTO `tb_dormitory`
VALUES (276, '509', 1, 6, 6, 21, 9);
INSERT INTO `tb_dormitory`
VALUES (277, '510', 1, 6, 6, 21, 9);
INSERT INTO `tb_dormitory`
VALUES (278, '601', 1, 6, 6, 22, 9);
INSERT INTO `tb_dormitory`
VALUES (279, '602', 1, 6, 6, 22, 9);
INSERT INTO `tb_dormitory`
VALUES (280, '603', 1, 6, 6, 22, 9);
INSERT INTO `tb_dormitory`
VALUES (281, '604', 1, 6, 6, 22, 9);
INSERT INTO `tb_dormitory`
VALUES (282, '605', 1, 6, 6, 22, 9);
INSERT INTO `tb_dormitory`
VALUES (283, '606', 1, 6, 6, 22, 9);
INSERT INTO `tb_dormitory`
VALUES (284, '607', 1, 6, 6, 22, 9);
INSERT INTO `tb_dormitory`
VALUES (285, '608', 1, 6, 6, 22, 9);
INSERT INTO `tb_dormitory`
VALUES (286, '609', 1, 6, 6, 22, 9);
INSERT INTO `tb_dormitory`
VALUES (287, '610', 1, 6, 6, 22, 9);
INSERT INTO `tb_dormitory`
VALUES (288, '101', 1, 6, 6, 23, 10);
INSERT INTO `tb_dormitory`
VALUES (289, '102', 1, 6, 6, 23, 10);
INSERT INTO `tb_dormitory`
VALUES (290, '103', 1, 6, 6, 23, 10);
INSERT INTO `tb_dormitory`
VALUES (291, '104', 1, 6, 6, 23, 10);
INSERT INTO `tb_dormitory`
VALUES (292, '105', 1, 6, 6, 23, 10);
INSERT INTO `tb_dormitory`
VALUES (293, '106', 1, 6, 6, 23, 10);
INSERT INTO `tb_dormitory`
VALUES (294, '107', 1, 6, 6, 23, 10);
INSERT INTO `tb_dormitory`
VALUES (295, '108', 1, 6, 6, 23, 10);
INSERT INTO `tb_dormitory`
VALUES (296, '109', 1, 6, 6, 23, 10);
INSERT INTO `tb_dormitory`
VALUES (297, '110', 1, 6, 6, 23, 10);
INSERT INTO `tb_dormitory`
VALUES (298, '201', 1, 6, 6, 24, 10);
INSERT INTO `tb_dormitory`
VALUES (299, '202', 1, 6, 6, 24, 10);
INSERT INTO `tb_dormitory`
VALUES (300, '203', 1, 6, 6, 24, 10);
INSERT INTO `tb_dormitory`
VALUES (301, '204', 1, 6, 6, 24, 10);
INSERT INTO `tb_dormitory`
VALUES (302, '205', 1, 6, 6, 24, 10);
INSERT INTO `tb_dormitory`
VALUES (303, '206', 1, 6, 6, 24, 10);
INSERT INTO `tb_dormitory`
VALUES (304, '207', 1, 6, 6, 24, 10);
INSERT INTO `tb_dormitory`
VALUES (305, '208', 1, 6, 6, 24, 10);
INSERT INTO `tb_dormitory`
VALUES (306, '209', 1, 6, 6, 24, 10);
INSERT INTO `tb_dormitory`
VALUES (307, '210', 1, 6, 6, 24, 10);
INSERT INTO `tb_dormitory`
VALUES (308, '301', 1, 6, 6, 25, 10);
INSERT INTO `tb_dormitory`
VALUES (309, '302', 1, 6, 6, 25, 10);
INSERT INTO `tb_dormitory`
VALUES (310, '303', 1, 6, 6, 25, 10);
INSERT INTO `tb_dormitory`
VALUES (311, '304', 1, 6, 6, 25, 10);
INSERT INTO `tb_dormitory`
VALUES (312, '305', 1, 6, 6, 25, 10);
INSERT INTO `tb_dormitory`
VALUES (313, '306', 1, 6, 6, 25, 10);
INSERT INTO `tb_dormitory`
VALUES (314, '307', 1, 6, 6, 25, 10);
INSERT INTO `tb_dormitory`
VALUES (315, '308', 1, 6, 6, 25, 10);
INSERT INTO `tb_dormitory`
VALUES (316, '309', 1, 6, 6, 25, 10);
INSERT INTO `tb_dormitory`
VALUES (317, '310', 1, 6, 6, 25, 10);
INSERT INTO `tb_dormitory`
VALUES (318, '401', 1, 6, 6, 26, 10);
INSERT INTO `tb_dormitory`
VALUES (319, '402', 1, 6, 6, 26, 10);
INSERT INTO `tb_dormitory`
VALUES (320, '403', 1, 6, 6, 26, 10);
INSERT INTO `tb_dormitory`
VALUES (321, '404', 1, 6, 6, 26, 10);
INSERT INTO `tb_dormitory`
VALUES (322, '405', 1, 6, 6, 26, 10);
INSERT INTO `tb_dormitory`
VALUES (323, '406', 1, 6, 6, 26, 10);
INSERT INTO `tb_dormitory`
VALUES (324, '407', 1, 6, 6, 26, 10);
INSERT INTO `tb_dormitory`
VALUES (325, '408', 1, 6, 6, 26, 10);
INSERT INTO `tb_dormitory`
VALUES (326, '409', 1, 6, 6, 26, 10);
INSERT INTO `tb_dormitory`
VALUES (327, '410', 1, 6, 6, 26, 10);
INSERT INTO `tb_dormitory`
VALUES (328, '501', 1, 6, 6, 27, 10);
INSERT INTO `tb_dormitory`
VALUES (329, '502', 1, 6, 6, 27, 10);
INSERT INTO `tb_dormitory`
VALUES (330, '503', 1, 6, 6, 27, 10);
INSERT INTO `tb_dormitory`
VALUES (331, '504', 1, 6, 6, 27, 10);
INSERT INTO `tb_dormitory`
VALUES (332, '505', 1, 6, 6, 27, 10);
INSERT INTO `tb_dormitory`
VALUES (333, '506', 1, 6, 6, 27, 10);
INSERT INTO `tb_dormitory`
VALUES (334, '507', 1, 6, 6, 27, 10);
INSERT INTO `tb_dormitory`
VALUES (335, '508', 1, 6, 6, 27, 10);
INSERT INTO `tb_dormitory`
VALUES (336, '509', 1, 6, 6, 27, 10);
INSERT INTO `tb_dormitory`
VALUES (337, '510', 1, 6, 6, 27, 10);
INSERT INTO `tb_dormitory`
VALUES (338, '601', 1, 6, 6, 28, 10);
INSERT INTO `tb_dormitory`
VALUES (339, '602', 1, 6, 6, 28, 10);
INSERT INTO `tb_dormitory`
VALUES (340, '603', 1, 6, 6, 28, 10);
INSERT INTO `tb_dormitory`
VALUES (341, '604', 1, 6, 6, 28, 10);
INSERT INTO `tb_dormitory`
VALUES (342, '605', 1, 6, 6, 28, 10);
INSERT INTO `tb_dormitory`
VALUES (343, '606', 1, 6, 6, 28, 10);
INSERT INTO `tb_dormitory`
VALUES (344, '607', 1, 6, 6, 28, 10);
INSERT INTO `tb_dormitory`
VALUES (345, '608', 1, 6, 6, 28, 10);
INSERT INTO `tb_dormitory`
VALUES (346, '609', 1, 6, 6, 28, 10);
INSERT INTO `tb_dormitory`
VALUES (347, '610', 1, 6, 6, 28, 10);
INSERT INTO `tb_dormitory`
VALUES (348, '101', 1, 6, 6, 53, 15);
INSERT INTO `tb_dormitory`
VALUES (349, '102', 1, 6, 6, 53, 15);
INSERT INTO `tb_dormitory`
VALUES (350, '103', 1, 6, 6, 53, 15);
INSERT INTO `tb_dormitory`
VALUES (351, '104', 1, 6, 6, 53, 15);
INSERT INTO `tb_dormitory`
VALUES (352, '105', 1, 6, 6, 53, 15);
INSERT INTO `tb_dormitory`
VALUES (353, '106', 1, 6, 6, 53, 15);
INSERT INTO `tb_dormitory`
VALUES (354, '107', 1, 6, 6, 53, 15);
INSERT INTO `tb_dormitory`
VALUES (355, '108', 1, 6, 6, 53, 15);
INSERT INTO `tb_dormitory`
VALUES (356, '109', 1, 6, 6, 53, 15);
INSERT INTO `tb_dormitory`
VALUES (357, '110', 1, 6, 6, 53, 15);
INSERT INTO `tb_dormitory`
VALUES (358, '101', 1, 6, 6, 41, 13);
INSERT INTO `tb_dormitory`
VALUES (359, '102', 1, 6, 6, 41, 13);
INSERT INTO `tb_dormitory`
VALUES (360, '103', 1, 6, 6, 41, 13);
INSERT INTO `tb_dormitory`
VALUES (361, '104', 1, 6, 6, 41, 13);
INSERT INTO `tb_dormitory`
VALUES (362, '105', 1, 6, 6, 41, 13);
INSERT INTO `tb_dormitory`
VALUES (363, '106', 1, 6, 6, 41, 13);
INSERT INTO `tb_dormitory`
VALUES (364, '107', 1, 6, 6, 41, 13);
INSERT INTO `tb_dormitory`
VALUES (365, '108', 1, 6, 6, 41, 13);
INSERT INTO `tb_dormitory`
VALUES (366, '109', 1, 6, 6, 41, 13);
INSERT INTO `tb_dormitory`
VALUES (367, '110', 1, 6, 6, 41, 13);
INSERT INTO `tb_dormitory`
VALUES (368, '101', 1, 6, 6, 35, 12);
INSERT INTO `tb_dormitory`
VALUES (369, '102', 1, 6, 6, 35, 12);
INSERT INTO `tb_dormitory`
VALUES (370, '103', 1, 6, 6, 35, 12);
INSERT INTO `tb_dormitory`
VALUES (371, '104', 1, 6, 6, 35, 12);
INSERT INTO `tb_dormitory`
VALUES (372, '105', 1, 6, 6, 35, 12);
INSERT INTO `tb_dormitory`
VALUES (373, '106', 1, 6, 6, 35, 12);
INSERT INTO `tb_dormitory`
VALUES (374, '107', 1, 6, 6, 35, 12);
INSERT INTO `tb_dormitory`
VALUES (375, '108', 1, 6, 6, 35, 12);
INSERT INTO `tb_dormitory`
VALUES (376, '109', 1, 6, 6, 35, 12);
INSERT INTO `tb_dormitory`
VALUES (377, '110', 1, 6, 6, 35, 12);
INSERT INTO `tb_dormitory`
VALUES (378, '101', 1, 6, 6, 29, 11);
INSERT INTO `tb_dormitory`
VALUES (379, '102', 1, 6, 6, 29, 11);
INSERT INTO `tb_dormitory`
VALUES (380, '103', 1, 6, 6, 29, 11);
INSERT INTO `tb_dormitory`
VALUES (381, '104', 1, 6, 6, 29, 11);
INSERT INTO `tb_dormitory`
VALUES (382, '105', 1, 6, 6, 29, 11);
INSERT INTO `tb_dormitory`
VALUES (383, '106', 1, 6, 6, 29, 11);
INSERT INTO `tb_dormitory`
VALUES (384, '107', 1, 6, 6, 29, 11);
INSERT INTO `tb_dormitory`
VALUES (385, '108', 1, 6, 6, 29, 11);
INSERT INTO `tb_dormitory`
VALUES (386, '109', 1, 6, 6, 29, 11);
INSERT INTO `tb_dormitory`
VALUES (387, '110', 1, 6, 6, 29, 11);

-- ----------------------------
-- Table structure for tb_dormitory_set
-- ----------------------------
DROP TABLE IF EXISTS `tb_dormitory_set`;
CREATE TABLE `tb_dormitory_set`
(
    `id`          int(11) NOT NULL AUTO_INCREMENT,
    `prefix`      varchar(50) CHARACTER SET utf8 COLLATE utf8_general_ci NULL DEFAULT NULL,
    `start`       int(11) NULL DEFAULT NULL,
    `end`         int(11) NULL DEFAULT NULL,
    `building_id` int(11) NULL DEFAULT NULL,
    `storey_id`   int(11) NULL DEFAULT NULL,
    `capacity`    int(11) NULL DEFAULT NULL,
    PRIMARY KEY (`id`) USING BTREE
) ENGINE = InnoDB AUTO_INCREMENT = 35 CHARACTER SET = utf8 COLLATE = utf8_general_ci ROW_FORMAT = Dynamic;

-- ----------------------------
-- Records of tb_dormitory_set
-- ----------------------------
INSERT INTO `tb_dormitory_set`
VALUES (15, 'A', 1, 10, 5, 1, 6);
INSERT INTO `tb_dormitory_set`
VALUES (16, 'B', 1, 10, 5, 1, 6);
INSERT INTO `tb_dormitory_set`
VALUES (17, 'A', 201, 220, 5, 2, 6);
INSERT INTO `tb_dormitory_set`
VALUES (18, '', 101, 110, 9, 17, 6);
INSERT INTO `tb_dormitory_set`
VALUES (19, '', 201, 210, 9, 18, 6);
INSERT INTO `tb_dormitory_set`
VALUES (20, '', 301, 310, 9, 19, 6);
INSERT INTO `tb_dormitory_set`
VALUES (21, '', 401, 410, 9, 20, 6);
INSERT INTO `tb_dormitory_set`
VALUES (22, '', 501, 510, 9, 21, 6);
INSERT INTO `tb_dormitory_set`
VALUES (23, '', 601, 610, 9, 22, 6);
INSERT INTO `tb_dormitory_set`
VALUES (24, '', 101, 110, 10, 23, 6);
INSERT INTO `tb_dormitory_set`
VALUES (25, '', 201, 210, 10, 24, 6);
INSERT INTO `tb_dormitory_set`
VALUES (26, '', 301, 310, 10, 25, 6);
INSERT INTO `tb_dormitory_set`
VALUES (27, '', 401, 410, 10, 26, 6);
INSERT INTO `tb_dormitory_set`
VALUES (28, '', 501, 510, 10, 27, 6);
INSERT INTO `tb_dormitory_set`
VALUES (29, '', 601, 610, 10, 28, 6);
INSERT INTO `tb_dormitory_set`
VALUES (30, '', 101, 110, 11, 29, 6);
INSERT INTO `tb_dormitory_set`
VALUES (31, '', 201, 210, 11, 30, 6);
INSERT INTO `tb_dormitory_set`
VALUES (32, '', 101, 110, 12, 35, 6);
INSERT INTO `tb_dormitory_set`
VALUES (33, '', 101, 110, 13, 41, 6);
INSERT INTO `tb_dormitory_set`
VALUES (34, '', 101, 110, 15, 53, 6);

-- ----------------------------
-- Table structure for tb_dormitory_student
-- ----------------------------
DROP TABLE IF EXISTS `tb_dormitory_student`;
CREATE TABLE `tb_dormitory_student`
(
    `id`           int(11) NOT NULL AUTO_INCREMENT,
    `dormitory_id` int(11) NULL DEFAULT NULL,
    `bed_id`       int(11) NULL DEFAULT NULL,
    `student_id`   int(11) NULL DEFAULT NULL,
    `checkin`      datetime(0) NULL DEFAULT NULL,
    `status`       int(11) NULL DEFAULT NULL COMMENT '0/1',
    PRIMARY KEY (`id`) USING BTREE
) ENGINE = InnoDB AUTO_INCREMENT = 54 CHARACTER SET = utf8 COLLATE = utf8_general_ci ROW_FORMAT = Dynamic;

-- ----------------------------
-- Records of tb_dormitory_student
-- ----------------------------
INSERT INTO `tb_dormitory_student`
VALUES (29, 188, 764, 1, '2020-12-03 21:06:09', 1);
INSERT INTO `tb_dormitory_student`
VALUES (33, 228, 1003, 4, '2020-12-04 15:50:42', 1);
INSERT INTO `tb_dormitory_student`
VALUES (34, 228, 1006, 5, '2020-12-04 15:51:01', 1);
INSERT INTO `tb_dormitory_student`
VALUES (36, 229, 1009, 7, '2020-12-04 15:51:43', 1);
INSERT INTO `tb_dormitory_student`
VALUES (38, 228, 1002, 3, '2020-12-04 16:39:04', 1);
INSERT INTO `tb_dormitory_student`
VALUES (39, 230, 1016, 6, '2020-12-05 14:33:37', 1);
INSERT INTO `tb_dormitory_student`
VALUES (40, 348, 1723, 15, '2020-12-05 14:34:30', 1);
INSERT INTO `tb_dormitory_student`
VALUES (41, 349, 1729, 16, '2020-12-05 14:34:47', 1);
INSERT INTO `tb_dormitory_student`
VALUES (42, 349, 1730, 19, '2020-12-05 14:35:03', 1);
INSERT INTO `tb_dormitory_student`
VALUES (43, 353, 1754, 20, '2020-12-05 14:35:25', 1);
INSERT INTO `tb_dormitory_student`
VALUES (44, 313, 1512, 28, '2020-12-05 14:35:41', 1);
INSERT INTO `tb_dormitory_student`
VALUES (45, 313, 1513, 26, '2020-12-05 14:35:59', 1);
INSERT INTO `tb_dormitory_student`
VALUES (46, 314, 1518, 25, '2020-12-05 14:36:16', 1);
INSERT INTO `tb_dormitory_student`
VALUES (47, 378, 1902, 30, '2020-12-05 14:36:31', 1);
INSERT INTO `tb_dormitory_student`
VALUES (48, 378, 1903, 31, '2020-12-05 14:36:44', 1);
INSERT INTO `tb_dormitory_student`
VALUES (49, 378, 1904, 32, '2020-12-05 14:36:58', 1);
INSERT INTO `tb_dormitory_student`
VALUES (50, 368, 1843, 33, '2020-12-05 14:37:19', 1);
INSERT INTO `tb_dormitory_student`
VALUES (51, 368, 1844, 34, '2020-12-05 14:37:32', 1);
INSERT INTO `tb_dormitory_student`
VALUES (52, 360, 1794, 35, '2020-12-05 14:37:45', 1);
INSERT INTO `tb_dormitory_student`
VALUES (53, 360, 1795, 36, '2020-12-05 14:37:58', 1);

-- ----------------------------
-- Table structure for tb_grade
-- ----------------------------
DROP TABLE IF EXISTS `tb_grade`;
CREATE TABLE `tb_grade`
(
    `id`   int(11) NOT NULL AUTO_INCREMENT,
    `name` varchar(100) CHARACTER SET utf8 COLLATE utf8_general_ci NULL DEFAULT NULL,
    PRIMARY KEY (`id`) USING BTREE
) ENGINE = InnoDB AUTO_INCREMENT = 7 CHARACTER SET = utf8 COLLATE = utf8_general_ci ROW_FORMAT = Dynamic;

-- ----------------------------
-- Records of tb_grade
-- ----------------------------
INSERT INTO `tb_grade`
VALUES (2, '2020');
INSERT INTO `tb_grade`
VALUES (5, '2021');
INSERT INTO `tb_grade`
VALUES (6, '2022');

-- ----------------------------
-- Table structure for tb_menu
-- ----------------------------
DROP TABLE IF EXISTS `tb_menu`;
CREATE TABLE `tb_menu`
(
    `id`        int(11) NOT NULL AUTO_INCREMENT,
    `title`     varchar(50) CHARACTER SET utf8 COLLATE utf8_general_ci NULL DEFAULT NULL,
    `icon`      varchar(50) CHARACTER SET utf8 COLLATE utf8_general_ci NULL DEFAULT NULL,
    `href`      varchar(100) CHARACTER SET utf8 COLLATE utf8_general_ci NULL DEFAULT NULL,
    `target`    varchar(50) CHARACTER SET utf8 COLLATE utf8_general_ci NULL DEFAULT NULL,
    `parent_id` int(11) NULL DEFAULT NULL,
    `type`      int(255) NULL DEFAULT NULL COMMENT '0:/;1:',
    PRIMARY KEY (`id`) USING BTREE
) ENGINE = InnoDB AUTO_INCREMENT = 25 CHARACTER SET = utf8 COLLATE = utf8_general_ci ROW_FORMAT = Dynamic;

-- ----------------------------
-- Records of tb_menu
-- ----------------------------
INSERT INTO `tb_menu`
VALUES (1, '', 'fa fa-cog', NULL, NULL, 0, 0);
INSERT INTO `tb_menu`
VALUES (2, '', 'fa fa-caret-right', 'user/list.html', NULL, 1, 0);
INSERT INTO `tb_menu`
VALUES (3, '', 'fa fa-caret-right', 'grade/list.html', NULL, 1, 0);
INSERT INTO `tb_menu`
VALUES (4, '', 'fa fa-caret-right', 'org/list.html', NULL, 1, 0);
INSERT INTO `tb_menu`
VALUES (5, '', 'fa fa-caret-right', 'student/list.html', NULL, 1, 0);
INSERT INTO `tb_menu`
VALUES (6, '', 'fa fa-caret-right', 'notice/list.html', NULL, 18, 0);
INSERT INTO `tb_menu`
VALUES (7, '', 'fa fa-home', NULL, NULL, 0, 0);
INSERT INTO `tb_menu`
VALUES (8, '', 'fa fa-caret-right', 'building/list.html', NULL, 7, 0);
INSERT INTO `tb_menu`
VALUES (9, '', 'fa fa-caret-right', 'dormitoryset/list.html', NULL, 7, 0);
INSERT INTO `tb_menu`
VALUES (10, '', 'fa fa-caret-right', 'dormitory/list.html', NULL, 7, 0);
INSERT INTO `tb_menu`
VALUES (11, '', 'fa fa-caret-right', 'selection/list.html', NULL, 7, 0);
INSERT INTO `tb_menu`
VALUES (12, '', 'fa fa-telegram', '', NULL, 0, 0);
INSERT INTO `tb_menu`
VALUES (13, '', 'fa fa-caret-right', 'absence/list.html', NULL, 12, 0);
INSERT INTO `tb_menu`
VALUES (14, '', 'fa fa-wrench', NULL, NULL, 0, 0);
INSERT INTO `tb_menu`
VALUES (15, '', 'fa fa-caret-right', 'repair/list.html', NULL, 14, 0);
INSERT INTO `tb_menu`
VALUES (16, '', 'fa fa-truck', NULL, NULL, 0, 0);
INSERT INTO `tb_menu`
VALUES (17, '', 'fa fa-caret-right', 'visit/list.html', NULL, 16, 0);
INSERT INTO `tb_menu`
VALUES (18, '', 'fa fa-bell', '', NULL, 0, 0);
INSERT INTO `tb_menu`
VALUES (19, '', 'fa fa-bandcamp', 'stu/info.html', NULL, 0, 1);
INSERT INTO `tb_menu`
VALUES (20, '', 'fa fa-id-card-o', 'stu/select.html', NULL, 0, 1);
INSERT INTO `tb_menu`
VALUES (22, '', 'fa fa-vcard', 'stu/absence.html', NULL, 0, 1);
INSERT INTO `tb_menu`
VALUES (23, '', 'fa fa-cog', 'stu/repair.html', NULL, 0, 1);
INSERT INTO `tb_menu`
VALUES (24, '', 'fa fa-bell', 'stu/notice.html', NULL, 0, 1);

-- ----------------------------
-- Table structure for tb_notice
-- ----------------------------
DROP TABLE IF EXISTS `tb_notice`;
CREATE TABLE `tb_notice`
(
    `id`          int(11) NOT NULL AUTO_INCREMENT,
    `title`       varchar(200) CHARACTER SET utf8 COLLATE utf8_general_ci NULL DEFAULT NULL,
    `content`     text CHARACTER SET utf8 COLLATE utf8_general_ci NULL,
    `create_time` datetime(0) NULL DEFAULT NULL,
    `user_id`     int(11) NULL DEFAULT NULL,
    `filepath`    varchar(200) CHARACTER SET utf8 COLLATE utf8_general_ci NULL DEFAULT NULL,
    PRIMARY KEY (`id`) USING BTREE
) ENGINE = InnoDB AUTO_INCREMENT = 6 CHARACTER SET = utf8 COLLATE = utf8_general_ci ROW_FORMAT = Dynamic;

-- ----------------------------
-- Records of tb_notice
-- ----------------------------
INSERT INTO `tb_notice`
VALUES (1, '',
        '(124)(David Shafer)(Brad Raffensperger)\n\n\n\n\n\n180305701180\n\n92\n\n2664',
        '2020-12-05 14:39:03', 1, NULL);
INSERT INTO `tb_notice`
VALUES (2, 'iPhone 11',
        ' 125 iPhone 11 \n\n 2019  11  2020  5 ',
        '2020-12-05 14:39:31', 1, NULL);
INSERT INTO `tb_notice`
VALUES (3, '',
        '\n\n',
        '2020-12-05 14:40:03', 1, NULL);
INSERT INTO `tb_notice`
VALUES (4, '',
        '',
        '2020-12-05 14:40:22', 1, NULL);
INSERT INTO `tb_notice`
VALUES (5, '',
        '',
        '2020-12-05 14:40:59', 1, NULL);

-- ----------------------------
-- Table structure for tb_notice_receive
-- ----------------------------
DROP TABLE IF EXISTS `tb_notice_receive`;
CREATE TABLE `tb_notice_receive`
(
    `id`          int(11) NOT NULL AUTO_INCREMENT,
    `notice_id`   int(11) NULL DEFAULT NULL,
    `building_id` int(11) NULL DEFAULT NULL,
    PRIMARY KEY (`id`) USING BTREE
) ENGINE = InnoDB AUTO_INCREMENT = 31 CHARACTER SET = utf8 COLLATE = utf8_general_ci ROW_FORMAT = Dynamic;

-- ----------------------------
-- Records of tb_notice_receive
-- ----------------------------
INSERT INTO `tb_notice_receive`
VALUES (1, 1, 9);
INSERT INTO `tb_notice_receive`
VALUES (2, 1, 10);
INSERT INTO `tb_notice_receive`
VALUES (3, 1, 11);
INSERT INTO `tb_notice_receive`
VALUES (4, 1, 12);
INSERT INTO `tb_notice_receive`
VALUES (5, 1, 13);
INSERT INTO `tb_notice_receive`
VALUES (6, 1, 15);
INSERT INTO `tb_notice_receive`
VALUES (7, 2, 9);
INSERT INTO `tb_notice_receive`
VALUES (8, 2, 10);
INSERT INTO `tb_notice_receive`
VALUES (9, 2, 11);
INSERT INTO `tb_notice_receive`
VALUES (10, 2, 12);
INSERT INTO `tb_notice_receive`
VALUES (11, 2, 13);
INSERT INTO `tb_notice_receive`
VALUES (12, 2, 15);
INSERT INTO `tb_notice_receive`
VALUES (13, 3, 9);
INSERT INTO `tb_notice_receive`
VALUES (14, 3, 10);
INSERT INTO `tb_notice_receive`
VALUES (15, 3, 11);
INSERT INTO `tb_notice_receive`
VALUES (16, 3, 12);
INSERT INTO `tb_notice_receive`
VALUES (17, 3, 13);
INSERT INTO `tb_notice_receive`
VALUES (18, 3, 15);
INSERT INTO `tb_notice_receive`
VALUES (19, 4, 9);
INSERT INTO `tb_notice_receive`
VALUES (20, 4, 10);
INSERT INTO `tb_notice_receive`
VALUES (21, 4, 11);
INSERT INTO `tb_notice_receive`
VALUES (22, 4, 12);
INSERT INTO `tb_notice_receive`
VALUES (23, 4, 13);
INSERT INTO `tb_notice_receive`
VALUES (24, 4, 15);
INSERT INTO `tb_notice_receive`
VALUES (25, 5, 9);
INSERT INTO `tb_notice_receive`
VALUES (26, 5, 10);
INSERT INTO `tb_notice_receive`
VALUES (27, 5, 11);
INSERT INTO `tb_notice_receive`
VALUES (28, 5, 12);
INSERT INTO `tb_notice_receive`
VALUES (29, 5, 13);
INSERT INTO `tb_notice_receive`
VALUES (30, 5, 15);

-- ----------------------------
-- Table structure for tb_org
-- ----------------------------
DROP TABLE IF EXISTS `tb_org`;
CREATE TABLE `tb_org`
(
    `id`        int(11) NOT NULL AUTO_INCREMENT,
    `name`      varchar(100) CHARACTER SET utf8 COLLATE utf8_general_ci NULL DEFAULT NULL,
    `type`      int(11) NULL DEFAULT NULL COMMENT '1/2/3/4',
    `grade_id`  int(11) NULL DEFAULT NULL,
    `parent_id` int(11) NULL DEFAULT NULL,
    `remark`    varchar(200) CHARACTER SET utf8 COLLATE utf8_general_ci NULL DEFAULT NULL,
    PRIMARY KEY (`id`) USING BTREE
) ENGINE = InnoDB AUTO_INCREMENT = 31 CHARACTER SET = utf8 COLLATE = utf8_general_ci ROW_FORMAT = Dynamic;

-- ----------------------------
-- Records of tb_org
-- ----------------------------
INSERT INTO `tb_org`
VALUES (19, '', 1, 2, 0, '');
INSERT INTO `tb_org`
VALUES (21, '', 3, 2, 19, '');
INSERT INTO `tb_org`
VALUES (22, '1', 4, 2, 21, '1');
INSERT INTO `tb_org`
VALUES (23, '2', 4, 2, 21, '2');
INSERT INTO `tb_org`
VALUES (24, '', 3, 2, 19, '');
INSERT INTO `tb_org`
VALUES (25, '1', 4, 2, 24, '');
INSERT INTO `tb_org`
VALUES (26, '2', 4, 2, 24, '');
INSERT INTO `tb_org`
VALUES (27, '', 1, 2, 0, '');
INSERT INTO `tb_org`
VALUES (28, '', 3, 2, 27, '');
INSERT INTO `tb_org`
VALUES (29, '1', 4, 2, 28, '');
INSERT INTO `tb_org`
VALUES (30, '2', 4, 2, 28, '');

-- ----------------------------
-- Table structure for tb_record
-- ----------------------------
DROP TABLE IF EXISTS `tb_record`;
CREATE TABLE `tb_record`
(
    `id`           int(11) NOT NULL AUTO_INCREMENT,
    `student_id`   int(11) NULL DEFAULT NULL,
    `dormitory_id` int(11) NULL DEFAULT NULL,
    `bed_id`       int(11) NULL DEFAULT NULL,
    `status`       int(11) NULL DEFAULT NULL COMMENT '1/2',
    `create_date`  datetime(0) NULL DEFAULT NULL,
    PRIMARY KEY (`id`) USING BTREE
) ENGINE = InnoDB AUTO_INCREMENT = 1 CHARACTER SET = utf8 COLLATE = utf8_general_ci ROW_FORMAT = Dynamic;

-- ----------------------------
-- Table structure for tb_repair
-- ----------------------------
DROP TABLE IF EXISTS `tb_repair`;
CREATE TABLE `tb_repair`
(
    `id`           int(11) NOT NULL AUTO_INCREMENT,
    `student_id`   int(11) NULL DEFAULT NULL,
    `dormitory_id` int(11) NULL DEFAULT NULL,
    `building_id`  int(11) NULL DEFAULT NULL,
    `description`  varchar(500) CHARACTER SET utf8 COLLATE utf8_general_ci NULL DEFAULT NULL,
    `create_date`  datetime(0) NULL DEFAULT NULL,
    `status`       int(11) NULL DEFAULT NULL COMMENT '0/1',
    PRIMARY KEY (`id`) USING BTREE
) ENGINE = InnoDB AUTO_INCREMENT = 1 CHARACTER SET = utf8 COLLATE = utf8_general_ci ROW_FORMAT = Dynamic;

-- ----------------------------
-- Table structure for tb_selection
-- ----------------------------
DROP TABLE IF EXISTS `tb_selection`;
CREATE TABLE `tb_selection`
(
    `id`         int(11) NOT NULL AUTO_INCREMENT,
    `name`       varchar(100) CHARACTER SET utf8 COLLATE utf8_general_ci NULL DEFAULT NULL,
    `start_time` date NULL DEFAULT NULL,
    `end_time`   date NULL DEFAULT NULL,
    `remark`     varchar(100) CHARACTER SET utf8 COLLATE utf8_general_ci NULL DEFAULT NULL,
    PRIMARY KEY (`id`) USING BTREE
) ENGINE = InnoDB AUTO_INCREMENT = 8 CHARACTER SET = utf8 COLLATE = utf8_general_ci ROW_FORMAT = Dynamic;

-- ----------------------------
-- Records of tb_selection
-- ----------------------------
INSERT INTO `tb_selection`
VALUES (7, '2020', '2020-12-04', '2020-12-08', '2020');

-- ----------------------------
-- Table structure for tb_selection_dormitory
-- ----------------------------
DROP TABLE IF EXISTS `tb_selection_dormitory`;
CREATE TABLE `tb_selection_dormitory`
(
    `id`           int(11) NOT NULL AUTO_INCREMENT,
    `dormitory_id` int(11) NULL DEFAULT NULL,
    `clazz_id`     int(11) NULL DEFAULT NULL,
    PRIMARY KEY (`id`) USING BTREE
) ENGINE = InnoDB AUTO_INCREMENT = 59 CHARACTER SET = utf8 COLLATE = utf8_general_ci ROW_FORMAT = Dynamic;

-- ----------------------------
-- Records of tb_selection_dormitory
-- ----------------------------
INSERT INTO `tb_selection_dormitory`
VALUES (12, 198, 7);
INSERT INTO `tb_selection_dormitory`
VALUES (13, 207, 7);
INSERT INTO `tb_selection_dormitory`
VALUES (14, 216, 13);
INSERT INTO `tb_selection_dormitory`
VALUES (15, 225, 13);
INSERT INTO `tb_selection_dormitory`
VALUES (16, 188, 6);
INSERT INTO `tb_selection_dormitory`
VALUES (17, 195, 6);
INSERT INTO `tb_selection_dormitory`
VALUES (18, 197, 6);
INSERT INTO `tb_selection_dormitory`
VALUES (19, 228, 22);
INSERT INTO `tb_selection_dormitory`
VALUES (20, 229, 22);
INSERT INTO `tb_selection_dormitory`
VALUES (21, 230, 22);
INSERT INTO `tb_selection_dormitory`
VALUES (22, 231, 22);
INSERT INTO `tb_selection_dormitory`
VALUES (23, 232, 22);
INSERT INTO `tb_selection_dormitory`
VALUES (41, 313, 25);
INSERT INTO `tb_selection_dormitory`
VALUES (42, 314, 25);
INSERT INTO `tb_selection_dormitory`
VALUES (43, 315, 25);
INSERT INTO `tb_selection_dormitory`
VALUES (49, 378, 26);
INSERT INTO `tb_selection_dormitory`
VALUES (50, 383, 26);
INSERT INTO `tb_selection_dormitory`
VALUES (51, 368, 29);
INSERT INTO `tb_selection_dormitory`
VALUES (52, 369, 29);
INSERT INTO `tb_selection_dormitory`
VALUES (53, 360, 30);
INSERT INTO `tb_selection_dormitory`
VALUES (54, 365, 30);
INSERT INTO `tb_selection_dormitory`
VALUES (55, 348, 23);
INSERT INTO `tb_selection_dormitory`
VALUES (56, 349, 23);
INSERT INTO `tb_selection_dormitory`
VALUES (57, 353, 23);
INSERT INTO `tb_selection_dormitory`
VALUES (58, 354, 23);

-- ----------------------------
-- Table structure for tb_selection_joiner
-- ----------------------------
DROP TABLE IF EXISTS `tb_selection_joiner`;
CREATE TABLE `tb_selection_joiner`
(
    `id`           int(11) NOT NULL AUTO_INCREMENT,
    `selection_id` int(11) NULL DEFAULT NULL,
    `clazz_id`     int(11) NULL DEFAULT NULL,
    PRIMARY KEY (`id`) USING BTREE
) ENGINE = InnoDB AUTO_INCREMENT = 30 CHARACTER SET = utf8 COLLATE = utf8_general_ci ROW_FORMAT = Dynamic;

-- ----------------------------
-- Records of tb_selection_joiner
-- ----------------------------
INSERT INTO `tb_selection_joiner`
VALUES (1, 3, 6);
INSERT INTO `tb_selection_joiner`
VALUES (2, 3, 7);
INSERT INTO `tb_selection_joiner`
VALUES (3, 3, 13);
INSERT INTO `tb_selection_joiner`
VALUES (4, 3, 9);
INSERT INTO `tb_selection_joiner`
VALUES (5, 3, 10);
INSERT INTO `tb_selection_joiner`
VALUES (6, 4, 6);
INSERT INTO `tb_selection_joiner`
VALUES (7, 4, 7);
INSERT INTO `tb_selection_joiner`
VALUES (8, 4, 13);
INSERT INTO `tb_selection_joiner`
VALUES (13, 5, 13);
INSERT INTO `tb_selection_joiner`
VALUES (14, 5, 11);
INSERT INTO `tb_selection_joiner`
VALUES (15, 5, 12);
INSERT INTO `tb_selection_joiner`
VALUES (16, 6, 22);
INSERT INTO `tb_selection_joiner`
VALUES (17, 6, 23);
INSERT INTO `tb_selection_joiner`
VALUES (24, 7, 22);
INSERT INTO `tb_selection_joiner`
VALUES (25, 7, 23);
INSERT INTO `tb_selection_joiner`
VALUES (26, 7, 25);
INSERT INTO `tb_selection_joiner`
VALUES (27, 7, 26);
INSERT INTO `tb_selection_joiner`
VALUES (28, 7, 29);
INSERT INTO `tb_selection_joiner`
VALUES (29, 7, 30);

-- ----------------------------
-- Table structure for tb_storey
-- ----------------------------
DROP TABLE IF EXISTS `tb_storey`;
CREATE TABLE `tb_storey`
(
    `id`          int(11) NOT NULL AUTO_INCREMENT,
    `name`        varchar(100) CHARACTER SET utf8 COLLATE utf8_general_ci NULL DEFAULT NULL,
    `building_id` int(11) NULL DEFAULT NULL,
    `remark`      varchar(200) CHARACTER SET utf8 COLLATE utf8_general_ci NULL DEFAULT NULL,
    PRIMARY KEY (`id`) USING BTREE
) ENGINE = InnoDB AUTO_INCREMENT = 59 CHARACTER SET = utf8 COLLATE = utf8_general_ci ROW_FORMAT = Dynamic;

-- ----------------------------
-- Records of tb_storey
-- ----------------------------
INSERT INTO `tb_storey`
VALUES (1, '1', 5, NULL);
INSERT INTO `tb_storey`
VALUES (2, '2', 5, NULL);
INSERT INTO `tb_storey`
VALUES (3, '3', 5, NULL);
INSERT INTO `tb_storey`
VALUES (4, '4', 5, NULL);
INSERT INTO `tb_storey`
VALUES (5, '5', 5, NULL);
INSERT INTO `tb_storey`
VALUES (6, '6', 5, NULL);
INSERT INTO `tb_storey`
VALUES (7, '1', 6, NULL);
INSERT INTO `tb_storey`
VALUES (8, '2', 6, NULL);
INSERT INTO `tb_storey`
VALUES (9, '3', 6, NULL);
INSERT INTO `tb_storey`
VALUES (10, '4', 6, NULL);
INSERT INTO `tb_storey`
VALUES (11, '5', 6, NULL);
INSERT INTO `tb_storey`
VALUES (12, '6', 6, NULL);
INSERT INTO `tb_storey`
VALUES (13, '1', 7, NULL);
INSERT INTO `tb_storey`
VALUES (14, '2', 7, NULL);
INSERT INTO `tb_storey`
VALUES (15, '3', 7, NULL);
INSERT INTO `tb_storey`
VALUES (16, '4', 7, NULL);
INSERT INTO `tb_storey`
VALUES (17, '1', 9, NULL);
INSERT INTO `tb_storey`
VALUES (18, '2', 9, NULL);
INSERT INTO `tb_storey`
VALUES (19, '3', 9, NULL);
INSERT INTO `tb_storey`
VALUES (20, '4', 9, NULL);
INSERT INTO `tb_storey`
VALUES (21, '5', 9, NULL);
INSERT INTO `tb_storey`
VALUES (22, '6', 9, NULL);
INSERT INTO `tb_storey`
VALUES (23, '1', 10, NULL);
INSERT INTO `tb_storey`
VALUES (24, '2', 10, NULL);
INSERT INTO `tb_storey`
VALUES (25, '3', 10, NULL);
INSERT INTO `tb_storey`
VALUES (26, '4', 10, NULL);
INSERT INTO `tb_storey`
VALUES (27, '5', 10, NULL);
INSERT INTO `tb_storey`
VALUES (28, '6', 10, NULL);
INSERT INTO `tb_storey`
VALUES (29, '1', 11, NULL);
INSERT INTO `tb_storey`
VALUES (30, '2', 11, NULL);
INSERT INTO `tb_storey`
VALUES (31, '3', 11, NULL);
INSERT INTO `tb_storey`
VALUES (32, '4', 11, NULL);
INSERT INTO `tb_storey`
VALUES (33, '5', 11, NULL);
INSERT INTO `tb_storey`
VALUES (34, '6', 11, NULL);
INSERT INTO `tb_storey`
VALUES (35, '1', 12, NULL);
INSERT INTO `tb_storey`
VALUES (36, '2', 12, NULL);
INSERT INTO `tb_storey`
VALUES (37, '3', 12, NULL);
INSERT INTO `tb_storey`
VALUES (38, '4', 12, NULL);
INSERT INTO `tb_storey`
VALUES (39, '5', 12, NULL);
INSERT INTO `tb_storey`
VALUES (40, '6', 12, NULL);
INSERT INTO `tb_storey`
VALUES (41, '1', 13, NULL);
INSERT INTO `tb_storey`
VALUES (42, '2', 13, NULL);
INSERT INTO `tb_storey`
VALUES (43, '3', 13, NULL);
INSERT INTO `tb_storey`
VALUES (44, '4', 13, NULL);
INSERT INTO `tb_storey`
VALUES (45, '5', 13, NULL);
INSERT INTO `tb_storey`
VALUES (46, '6', 13, NULL);
INSERT INTO `tb_storey`
VALUES (47, '1', 14, NULL);
INSERT INTO `tb_storey`
VALUES (48, '2', 14, NULL);
INSERT INTO `tb_storey`
VALUES (49, '3', 14, NULL);
INSERT INTO `tb_storey`
VALUES (50, '4', 14, NULL);
INSERT INTO `tb_storey`
VALUES (51, '5', 14, NULL);
INSERT INTO `tb_storey`
VALUES (52, '6', 14, NULL);
INSERT INTO `tb_storey`
VALUES (53, '1', 15, NULL);
INSERT INTO `tb_storey`
VALUES (54, '2', 15, NULL);
INSERT INTO `tb_storey`
VALUES (55, '3', 15, NULL);
INSERT INTO `tb_storey`
VALUES (56, '4', 15, NULL);
INSERT INTO `tb_storey`
VALUES (57, '5', 15, NULL);
INSERT INTO `tb_storey`
VALUES (58, '6', 15, NULL);

-- ----------------------------
-- Table structure for tb_student
-- ----------------------------
DROP TABLE IF EXISTS `tb_student`;
CREATE TABLE `tb_student`
(
    `id`       int(11) NOT NULL AUTO_INCREMENT,
    `stu_no`   varchar(50) CHARACTER SET utf8 COLLATE utf8_general_ci NULL DEFAULT NULL,
    `name`     varchar(50) CHARACTER SET utf8 COLLATE utf8_general_ci NULL DEFAULT NULL,
    `idcard`   varchar(50) CHARACTER SET utf8 COLLATE utf8_general_ci NULL DEFAULT NULL,
    `grade_id` int(11) NULL DEFAULT NULL,
    `sex`      int(11) NULL DEFAULT NULL,
    `phone`    varchar(50) CHARACTER SET utf8 COLLATE utf8_general_ci NULL DEFAULT NULL,
    `password` varchar(50) CHARACTER SET utf8 COLLATE utf8_general_ci NULL DEFAULT NULL,
    `clazz_id` int(11) NULL DEFAULT NULL,
    PRIMARY KEY (`id`) USING BTREE
) ENGINE = InnoDB AUTO_INCREMENT = 37 CHARACTER SET = utf8 COLLATE = utf8_general_ci ROW_FORMAT = Dynamic;

-- ----------------------------
-- Records of tb_student
-- ----------------------------
INSERT INTO `tb_student`
VALUES (3, '2020001', '', '11111111111111111', 2, 1, '11', '123456', 22);
INSERT INTO `tb_student`
VALUES (4, '2020002', '', '11111111111111111', 2, 1, '18500000000', '123456', 22);
INSERT INTO `tb_student`
VALUES (5, '2020003', '', '11111111111111111', 2, 1, '17683990172', '123456', 22);
INSERT INTO `tb_student`
VALUES (6, '2020004', '', '11111111111111111', 2, 1, '18500000000', '123456', 22);
INSERT INTO `tb_student`
VALUES (7, '2020005', '', '11111111111111111', 2, 1, '18500000000', '123456', 22);
INSERT INTO `tb_student`
VALUES (8, '2020006', '', '11111111111111111', 2, 1, '18500000000', '123456', 22);
INSERT INTO `tb_student`
VALUES (9, '2020007', '', '11111111111111111', 2, 1, '18500000000', '123456', 22);
INSERT INTO `tb_student`
VALUES (10, '2020008', '', '11111111111111111', 2, 0, '18500000000', '123456', 22);
INSERT INTO `tb_student`
VALUES (11, '2020009', '', '11111111111111111', 2, 0, '18500000000', '123456', 22);
INSERT INTO `tb_student`
VALUES (12, '2020010', '', '11111111111111111', 2, 0, '18500000000', '123456', 22);
INSERT INTO `tb_student`
VALUES (13, '2020011', '', '11111111111111111', 2, 0, '18500000000', '123456', 22);
INSERT INTO `tb_student`
VALUES (14, '2020012', '', '11111111111111111', 2, 0, '18500000000', '123456', 22);
INSERT INTO `tb_student`
VALUES (15, '2020030', '', '11111111111111111', 2, 1, '18500000000', '123456', 23);
INSERT INTO `tb_student`
VALUES (16, '2020031', '', '11111111111111111', 2, 1, '18500000000', '123456', 23);
INSERT INTO `tb_student`
VALUES (17, '2020032', '', '11111111111111111', 2, 1, '18500000000', '123456', 23);
INSERT INTO `tb_student`
VALUES (18, '2020033', '', '11111111111111111', 2, 1, '18500000000', '123456', 23);
INSERT INTO `tb_student`
VALUES (19, '2020034', '', '11111111111111111', 2, 1, '18500000000', '123456', 23);
INSERT INTO `tb_student`
VALUES (20, '2020035', '', '11111111111111111', 2, 0, '18500000000', '123456', 23);
INSERT INTO `tb_student`
VALUES (21, '2020036', '', '11111111111111111', 2, 0, '18500000000', '123456', 23);
INSERT INTO `tb_student`
VALUES (22, '2020037', '', '11111111111111111', 2, 0, '18500000000', '123456', 23);
INSERT INTO `tb_student`
VALUES (23, '2020038', '', '11111111111111111', 2, 1, '18500000000', '123456', 23);
INSERT INTO `tb_student`
VALUES (24, '2020050', '', '11111111111111111', 2, 1, '17683990172', '123456', 25);
INSERT INTO `tb_student`
VALUES (25, '2020051', '', '11111111111111111', 2, 1, '17683990172', '123456', 25);
INSERT INTO `tb_student`
VALUES (26, '2020052', '', '11111111111111111', 2, 1, '17683990172', '123456', 25);
INSERT INTO `tb_student`
VALUES (27, '2020053', '', '11111111111111111', 2, 1, '17683990172', '123456', 25);
INSERT INTO `tb_student`
VALUES (28, '2020054', '', '11111111111111111', 2, 1, '17683990172', '123456', 25);
INSERT INTO `tb_student`
VALUES (29, '2020060', '', '11111111111111111', 2, 1, '17683990172', '123456', 26);
INSERT INTO `tb_student`
VALUES (30, '2020061', '', '11111111111111111', 2, 1, '17683990172', '123456', 26);
INSERT INTO `tb_student`
VALUES (31, '2020062', '', '11111111111111111', 2, 1, '17683990172', '123456', 26);
INSERT INTO `tb_student`
VALUES (32, '2020063', '', '11111111111111111', 2, 1, '17683990172', '123456', 26);
INSERT INTO `tb_student`
VALUES (33, '2020080', '', '11111111111111111', 2, 1, '18537106822', '123456', 29);
INSERT INTO `tb_student`
VALUES (34, '20202081', '', '11111111111111111', 2, 1, '17683990172', '123456', 29);
INSERT INTO `tb_student`
VALUES (35, '2020100', '', '11111111111111111', 2, 1, '17683990172', '123456', 30);
INSERT INTO `tb_student`
VALUES (36, '2020101', '', '11111111111111111', 2, 1, '18500000000', '123456', 30);

-- ----------------------------
-- Table structure for tb_user
-- ----------------------------
DROP TABLE IF EXISTS `tb_user`;
CREATE TABLE `tb_user`
(
    `id`        int(11) NOT NULL AUTO_INCREMENT,
    `user_name` varchar(100) CHARACTER SET utf8 COLLATE utf8_general_ci NULL DEFAULT NULL,
    `password`  varchar(100) CHARACTER SET utf8 COLLATE utf8_general_ci NULL DEFAULT NULL,
    `name`      varchar(100) CHARACTER SET utf8 COLLATE utf8_general_ci NULL DEFAULT NULL,
    `phone`     varchar(100) CHARACTER SET utf8 COLLATE utf8_general_ci NULL DEFAULT NULL,
    `type`      int(11) NULL DEFAULT NULL COMMENT '0/1',
    `remark`    varchar(200) CHARACTER SET utf8 COLLATE utf8_general_ci NULL DEFAULT NULL,
    PRIMARY KEY (`id`) USING BTREE
) ENGINE = InnoDB AUTO_INCREMENT = 101 CHARACTER SET = utf8 COLLATE = utf8_general_ci ROW_FORMAT = Dynamic;

-- ----------------------------
-- Records of tb_user
-- ----------------------------
INSERT INTO `tb_user`
VALUES (1, 'admin', '123456', '', '18811111111', 0, NULL);
INSERT INTO `tb_user`
VALUES (99, 'zhangsan', '123456', '', '18537101111', 1, '');
INSERT INTO `tb_user`
VALUES (100, 'lisi', '123456', '', '18500000000', 1, '');

-- ----------------------------
-- Table structure for tb_user_menu
-- ----------------------------
DROP TABLE IF EXISTS `tb_user_menu`;
CREATE TABLE `tb_user_menu`
(
    `user_id` int(11) NOT NULL,
    `menu_id` int(11) NOT NULL,
    PRIMARY KEY (`user_id`, `menu_id`) USING BTREE
) ENGINE = InnoDB CHARACTER SET = utf8 COLLATE = utf8_general_ci ROW_FORMAT = Dynamic;

-- ----------------------------
-- Records of tb_user_menu
-- ----------------------------
INSERT INTO `tb_user_menu`
VALUES (1, 1);
INSERT INTO `tb_user_menu`
VALUES (1, 2);
INSERT INTO `tb_user_menu`
VALUES (1, 3);
INSERT INTO `tb_user_menu`
VALUES (1, 4);
INSERT INTO `tb_user_menu`
VALUES (1, 5);
INSERT INTO `tb_user_menu`
VALUES (1, 6);
INSERT INTO `tb_user_menu`
VALUES (1, 7);
INSERT INTO `tb_user_menu`
VALUES (1, 8);
INSERT INTO `tb_user_menu`
VALUES (1, 9);
INSERT INTO `tb_user_menu`
VALUES (1, 10);
INSERT INTO `tb_user_menu`
VALUES (1, 11);
INSERT INTO `tb_user_menu`
VALUES (1, 12);
INSERT INTO `tb_user_menu`
VALUES (1, 13);
INSERT INTO `tb_user_menu`
VALUES (1, 14);
INSERT INTO `tb_user_menu`
VALUES (1, 15);
INSERT INTO `tb_user_menu`
VALUES (1, 16);
INSERT INTO `tb_user_menu`
VALUES (1, 17);
INSERT INTO `tb_user_menu`
VALUES (1, 18);
INSERT INTO `tb_user_menu`
VALUES (99, 6);
INSERT INTO `tb_user_menu`
VALUES (99, 7);
INSERT INTO `tb_user_menu`
VALUES (99, 10);
INSERT INTO `tb_user_menu`
VALUES (99, 12);
INSERT INTO `tb_user_menu`
VALUES (99, 13);
INSERT INTO `tb_user_menu`
VALUES (99, 14);
INSERT INTO `tb_user_menu`
VALUES (99, 15);
INSERT INTO `tb_user_menu`
VALUES (99, 16);
INSERT INTO `tb_user_menu`
VALUES (99, 17);
INSERT INTO `tb_user_menu`
VALUES (99, 18);
INSERT INTO `tb_user_menu`
VALUES (100, 6);
INSERT INTO `tb_user_menu`
VALUES (100, 7);
INSERT INTO `tb_user_menu`
VALUES (100, 10);
INSERT INTO `tb_user_menu`
VALUES (100, 12);
INSERT INTO `tb_user_menu`
VALUES (100, 13);
INSERT INTO `tb_user_menu`
VALUES (100, 14);
INSERT INTO `tb_user_menu`
VALUES (100, 15);
INSERT INTO `tb_user_menu`
VALUES (100, 16);
INSERT INTO `tb_user_menu`
VALUES (100, 17);
INSERT INTO `tb_user_menu`
VALUES (100, 18);

-- ----------------------------
-- Table structure for tb_visit
-- ----------------------------
DROP TABLE IF EXISTS `tb_visit`;
CREATE TABLE `tb_visit`
(
    `id`         int(11) NOT NULL AUTO_INCREMENT,
    `visitor`    varchar(100) CHARACTER SET utf8 COLLATE utf8_general_ci NULL DEFAULT NULL,
    `phone`      varchar(100) CHARACTER SET utf8 COLLATE utf8_general_ci NULL DEFAULT NULL,
    `sex`        int(11) NULL DEFAULT NULL,
    `idcard`     varchar(100) CHARACTER SET utf8 COLLATE utf8_general_ci NULL DEFAULT NULL,
    `student_id` int(11) NULL DEFAULT NULL,
    `visit_time` datetime(0) NULL DEFAULT NULL,
    `leave_time` datetime(0) NULL DEFAULT NULL,
    `remark`     varchar(200) CHARACTER SET utf8 COLLATE utf8_general_ci NULL DEFAULT NULL,
    PRIMARY KEY (`id`) USING BTREE
) ENGINE = InnoDB AUTO_INCREMENT = 1 CHARACTER SET = utf8 COLLATE = utf8_general_ci ROW_FORMAT = Dynamic;

SET
FOREIGN_KEY_CHECKS = 1;
